City_ID,City,Country,Date,Lat,Lng,Max Temp,Humidity,Cloudiness,Wind Speed
0,Saskylakh,RU,2020-02-19 03:51:24,71.92,114.08,-9.87,86,0,7.29
1,Jamestown,US,2020-02-19 03:51:24,42.1,-79.24,34.0,86,75,9.17
2,Tautira,PF,2020-02-19 03:51:24,-17.73,-149.15,86.0,70,40,12.75
3,Atuona,PF,2020-02-19 03:51:25,-9.8,-139.03,81.81,80,68,19.77
4,Mar Del Plata,AR,2020-02-19 03:46:52,-38.0,-57.56,61.0,93,0,2.24
5,Fairbanks,US,2020-02-19 03:49:58,64.84,-147.72,21.0,92,1,2.62
6,Tomatlan,MX,2020-02-19 03:51:25,19.93,-105.25,68.56,83,0,1.32
7,Hithadhoo,MV,2020-02-19 03:51:25,-0.6,73.08,82.81,79,19,13.62
8,Niksar,TR,2020-02-19 03:51:26,40.59,36.95,30.9,79,0,7.0
9,Puerto Ayora,EC,2020-02-19 03:51:26,-0.74,-90.35,77.59,84,3,8.48
10,Kapaa,US,2020-02-19 03:51:26,22.08,-159.32,78.8,78,40,23.04
11,Nova Prata,BR,2020-02-19 03:51:26,-28.78,-51.61,69.01,99,100,0.6
12,Katsuura,JP,2020-02-19 03:51:27,35.13,140.3,55.0,40,75,9.17
13,Albany,US,2020-02-19 03:51:27,42.6,-73.97,37.99,93,90,6.93
14,Nelson Bay,AU,2020-02-19 03:51:27,-32.72,152.15,91.0,33,3,18.34
15,Avarua,CK,2020-02-19 03:51:27,-21.21,-159.78,80.6,83,100,9.17
16,Vaini,TO,2020-02-19 03:51:27,-21.2,-175.2,80.6,74,40,8.05
17,Bluff,NZ,2020-02-19 03:51:28,-46.6,168.33,62.01,66,0,13.0
18,Palmer,US,2020-02-19 03:51:28,42.16,-72.33,36.0,99,90,2.62
19,Port Alfred,ZA,2020-02-19 03:51:28,-33.59,26.89,69.58,85,23,20.31
20,Saint-Philippe,RE,2020-02-19 03:51:28,-21.36,55.77,79.0,69,40,4.7
21,Arraial Do Cabo,BR,2020-02-19 03:51:29,-22.97,-42.03,77.0,88,76,13.87
22,Tuktoyaktuk,CA,2020-02-19 03:51:29,69.45,-133.04,-4.0,76,75,12.75
23,Lebu,CL,2020-02-19 03:46:50,-37.62,-73.65,58.24,72,0,9.93
24,Yueyang,CN,2020-02-19 03:49:37,29.33,113.09,55.98,56,80,9.98
25,Busselton,AU,2020-02-19 03:47:50,-33.65,115.33,91.0,18,0,4.32
26,Punta Arenas,CL,2020-02-19 03:46:48,-53.15,-70.92,46.4,70,75,20.8
27,Sao Filipe,CV,2020-02-19 03:46:59,14.9,-24.5,78.64,42,100,16.89
28,Carnarvon,AU,2020-02-19 03:51:30,-24.87,113.63,82.4,74,100,12.75
29,Yellowknife,CA,2020-02-19 03:51:30,62.46,-114.35,-9.0,76,75,10.29
30,Ushuaia,AR,2020-02-19 03:47:22,-54.8,-68.3,46.4,87,75,25.28
31,Khatanga,RU,2020-02-19 03:51:31,71.97,102.5,-8.57,89,0,7.74
32,Hami,CN,2020-02-19 03:49:54,42.8,93.45,25.03,52,100,6.78
33,Monroe,US,2020-02-19 03:47:06,43.15,-77.68,39.0,59,90,16.11
34,Namibe,AO,2020-02-19 03:46:53,-15.2,12.15,74.52,71,100,10.74
35,Rikitea,PF,2020-02-19 03:48:57,-23.12,-134.97,79.11,78,3,14.67
36,San Vicente,AR,2020-02-19 03:51:32,-26.62,-54.13,68.38,99,100,0.6
37,Upernavik,GL,2020-02-19 03:51:32,72.79,-56.15,-7.47,96,100,7.16
38,Qaanaaq,GL,2020-02-19 03:51:32,77.48,-69.36,-12.77,65,69,6.87
39,Faya,SA,2020-02-19 03:51:32,18.39,42.45,59.0,62,0,6.93
40,New Norfolk,AU,2020-02-19 03:51:33,-42.78,147.06,66.0,47,75,21.92
41,Cape Town,ZA,2020-02-19 03:50:50,-33.93,18.42,69.01,82,0,10.29
42,Beisfjord,NO,2020-02-19 03:51:33,68.38,17.6,27.0,92,90,11.41
43,Codrington,AU,2020-02-19 03:51:33,-38.27,141.97,60.66,77,56,22.57
44,Nishihara,JP,2020-02-19 03:51:33,26.18,127.76,64.4,48,75,12.75
45,Vestmannaeyjar,IS,2020-02-19 03:51:34,63.44,-20.27,37.85,46,100,9.91
46,Alvdal,NO,2020-02-19 03:51:34,62.11,10.63,28.4,92,100,3.36
47,Luderitz,NA,2020-02-19 03:51:34,-26.65,15.16,63.14,97,51,11.9
48,Victoria,HK,2020-02-19 03:47:17,22.29,114.16,66.99,42,20,9.17
49,Fortuna,US,2020-02-19 03:50:11,40.6,-124.16,44.01,93,1,2.33
50,Oranjemund,NA,2020-02-19 03:51:35,-28.55,16.43,63.93,86,2,2.24
51,Sarh,TD,2020-02-19 03:51:35,9.14,18.39,73.4,27,0,6.93
52,Fayaoue,NC,2020-02-19 03:51:35,-20.65,166.53,80.64,74,27,12.1
53,Hilo,US,2020-02-19 03:51:36,19.73,-155.09,78.8,54,1,6.93
54,Sabang,ID,2020-02-19 03:51:36,5.89,95.32,83.07,77,18,20.76
55,Tasiilaq,GL,2020-02-19 03:47:00,65.61,-37.64,23.0,79,100,19.46
56,Hermanus,ZA,2020-02-19 03:51:34,-34.42,19.23,68.0,88,0,7.0
57,Mataura,NZ,2020-02-19 03:51:37,-46.19,168.86,62.01,66,83,13.0
58,Sambava,MG,2020-02-19 03:51:37,-14.27,50.17,71.96,97,14,2.71
59,Aleppo,SY,2020-02-19 03:51:37,36.25,37.5,44.55,90,100,7.87
60,San Patricio,MX,2020-02-19 03:51:37,19.22,-104.7,75.7,78,0,2.98
61,Paita,PE,2020-02-19 03:51:37,-5.09,-81.11,78.08,67,1,9.75
62,Tuatapere,NZ,2020-02-19 03:51:38,-46.13,167.68,62.01,66,99,13.0
63,Port-Cartier,CA,2020-02-19 03:51:38,50.03,-66.87,19.99,92,90,19.46
64,Vostok,RU,2020-02-19 03:51:38,46.49,135.88,13.82,86,99,5.37
65,Chipinge,ZW,2020-02-19 03:51:38,-20.19,32.62,64.9,88,0,4.25
66,Dickson,US,2020-02-19 03:49:57,36.08,-87.39,44.01,93,90,11.41
67,Muros,ES,2020-02-19 03:51:39,42.78,-9.06,50.0,100,2,1.74
68,Lompoc,US,2020-02-19 03:50:54,34.64,-120.46,55.4,62,1,4.7
69,Hammerfest,NO,2020-02-19 03:51:39,70.66,23.68,21.2,67,75,17.22
70,Bambous Virieux,MU,2020-02-19 03:51:40,-20.34,57.76,79.0,69,40,9.17
71,Tiksi,RU,2020-02-19 03:51:40,71.69,128.87,-4.54,86,100,7.74
72,Abnub,EG,2020-02-19 03:51:40,27.27,31.15,53.6,58,29,11.41
73,Dikson,RU,2020-02-19 03:51:40,73.51,80.55,16.41,88,100,38.14
74,Mozhga,RU,2020-02-19 03:51:40,56.44,52.23,33.53,97,100,11.21
75,Xining,CN,2020-02-19 03:51:41,36.62,101.77,27.21,25,72,4.59
76,Buraydah,SA,2020-02-19 03:51:41,26.33,43.98,60.8,59,20,2.24
77,Severo-Kurilsk,RU,2020-02-19 03:51:41,50.68,156.12,20.57,85,100,5.35
78,Shaoguan,CN,2020-02-19 03:51:41,24.8,113.58,53.1,63,66,1.48
79,Kenora,CA,2020-02-19 03:51:42,49.82,-94.43,-7.01,69,5,5.82
80,Pailon,BO,2020-02-19 03:51:42,-17.65,-62.75,73.4,100,90,4.7
81,Mahebourg,MU,2020-02-19 03:51:42,-20.41,57.7,79.0,69,40,9.17
82,Petropavlovsk-Kamchatskiy,RU,2020-02-19 03:49:01,53.05,158.65,19.4,41,0,2.24
83,Kodiak,US,2020-02-19 03:51:43,57.79,-152.41,33.8,55,1,10.29
84,Flin Flon,CA,2020-02-19 03:51:43,54.77,-101.86,-11.7,96,0,6.78
85,Xinyu,CN,2020-02-19 03:51:43,27.8,114.93,49.03,66,100,1.34
86,Tutoia,BR,2020-02-19 03:51:43,-2.76,-42.27,75.07,97,100,3.56
87,Mahina,PF,2020-02-19 03:51:44,-17.51,-149.49,86.0,70,40,12.75
88,Basco,PH,2020-02-19 03:51:44,20.45,121.97,68.81,72,0,21.63
89,Cidreira,BR,2020-02-19 03:51:44,-30.18,-50.21,76.68,84,99,10.58
90,Witu,KE,2020-02-19 03:51:44,-2.39,40.44,79.25,87,0,7.63
91,Pisco,PE,2020-02-19 03:51:44,-13.7,-76.22,77.0,73,90,9.17
92,Cabo San Lucas,MX,2020-02-19 03:51:45,22.89,-109.91,71.6,53,5,8.05
93,Rio Gallegos,AR,2020-02-19 03:48:17,-51.62,-69.22,48.2,61,100,34.45
94,Road Town,VG,2020-02-19 03:51:45,18.42,-64.62,75.99,78,20,10.29
95,Morgan City,US,2020-02-19 03:51:45,29.7,-91.21,72.0,100,90,3.62
96,Grindavik,IS,2020-02-19 03:51:46,63.84,-22.43,28.4,92,40,10.29
97,Amapa,BR,2020-02-19 03:51:46,1.0,-52.0,71.67,98,66,3.29
98,Kruisfontein,ZA,2020-02-19 03:51:46,-34.0,24.73,62.26,94,5,6.64
99,Nome,US,2020-02-19 03:51:46,64.5,-165.41,25.0,85,90,14.99
100,Itaquyry,PY,2020-02-19 03:51:46,-24.93,-55.22,72.43,97,100,2.26
101,Ossora,RU,2020-02-19 03:51:47,59.24,163.07,0.79,79,100,8.41
102,Dongsheng,CN,2020-02-19 03:51:47,39.82,109.98,29.62,28,0,3.04
103,Xiaoshi,CN,2020-02-19 03:51:47,41.3,124.12,32.0,62,99,2.24
104,Guerrero Negro,MX,2020-02-19 03:51:47,27.98,-114.06,61.3,82,100,10.8
105,Nanortalik,GL,2020-02-19 03:51:47,60.14,-45.24,22.84,59,100,37.18
106,Margate,GB,2020-02-19 03:51:48,51.38,1.39,39.99,73,0,13.87
107,Ketchikan,US,2020-02-19 03:51:48,55.34,-131.65,41.0,91,90,9.17
108,East London,ZA,2020-02-19 03:51:47,-33.02,27.91,64.4,100,90,4.7
109,Alexandria,EG,2020-02-19 03:51:48,31.22,29.96,59.0,67,40,11.41
110,Guasdualito,VE,2020-02-19 03:47:38,7.24,-70.73,82.62,61,39,4.68
111,Nikolskoye,RU,2020-02-19 03:51:49,59.7,30.79,39.2,80,75,8.95
112,Invermere,CA,2020-02-19 03:51:49,50.52,-116.04,19.0,65,0,1.5
113,Ribeira Grande,PT,2020-02-19 03:51:49,38.52,-28.7,56.17,87,33,13.89
114,Aksay,RU,2020-02-19 03:51:49,47.26,39.87,19.99,100,0,2.24
115,Praia Da Vitoria,PT,2020-02-19 03:51:49,38.73,-27.07,55.4,93,75,13.69
116,Cockburn Town,TC,2020-02-19 03:51:50,21.46,-71.14,78.49,78,4,24.36
117,Chokurdakh,RU,2020-02-19 03:51:50,70.63,147.92,-5.24,97,98,9.91
118,Hamilton,US,2020-02-19 03:48:52,39.18,-84.53,37.4,86,1,3.36
119,Agirish,RU,2020-02-19 03:51:50,61.92,63.02,27.52,89,100,10.0
120,Necochea,AR,2020-02-19 03:51:51,-38.55,-58.74,51.01,86,0,5.99
121,Usinsk,RU,2020-02-19 03:51:51,65.99,57.53,33.01,98,100,15.73
122,Calbuco,CL,2020-02-19 03:51:51,-41.77,-73.13,51.8,93,75,9.17
123,Honningsvag,NO,2020-02-19 03:51:51,70.98,25.97,23.0,49,75,19.46
124,Hasaki,JP,2020-02-19 03:51:51,35.73,140.83,55.0,43,75,4.7
125,Saint-Pie,CA,2020-02-19 03:51:52,45.5,-72.9,39.99,86,90,8.05
126,Napanee,CA,2020-02-19 03:51:52,44.25,-76.95,35.6,64,75,14.99
127,Thompson,CA,2020-02-19 03:51:52,55.74,-97.86,-11.2,69,5,9.17
128,Hokitika,NZ,2020-02-19 03:51:52,-42.72,170.97,65.41,75,0,9.15
129,Mattru,SL,2020-02-19 03:51:53,7.62,-11.83,75.49,92,1,1.21
130,Brae,GB,2020-02-19 03:51:53,60.4,-1.35,42.8,77,94,3.36
131,Coos Bay,US,2020-02-19 03:51:53,43.37,-124.22,44.6,81,1,6.93
132,Issoudun,FR,2020-02-19 03:51:53,47.0,1.83,48.2,93,100,18.34
133,Lianyuan,CN,2020-02-19 03:51:54,27.69,111.66,50.11,66,84,4.88
134,Port Elizabeth,ZA,2020-02-19 03:46:59,-33.92,25.57,66.2,88,46,9.17
135,Saint-Pierre,RE,2020-02-19 03:51:54,-21.34,55.48,79.0,69,40,4.7
136,Ryki,PL,2020-02-19 03:51:54,51.63,21.93,37.99,100,34,6.93
137,Misratah,LY,2020-02-19 03:51:54,32.38,15.09,58.62,73,50,14.7
138,Takoradi,GH,2020-02-19 03:51:54,4.88,-1.76,76.78,92,0,3.11
139,Hobart,AU,2020-02-19 03:51:55,-42.88,147.33,66.0,44,75,23.04
140,Westport,US,2020-02-19 03:51:55,41.14,-73.36,44.01,87,90,4.7
141,Bandarbeyla,SO,2020-02-19 03:51:55,9.49,50.81,76.98,79,63,11.34
142,Narsaq,GL,2020-02-19 03:51:56,60.92,-46.05,12.2,56,59,3.36
143,Ponta Do Sol,PT,2020-02-19 03:51:56,32.67,-17.1,59.0,67,75,16.11
144,Bathsheba,BB,2020-02-19 03:51:56,13.22,-59.52,78.8,78,75,17.22
145,Ngaoundere,CM,2020-02-19 03:51:56,7.32,13.58,64.56,22,7,5.19
146,Charters Towers,AU,2020-02-19 03:51:56,-20.1,146.27,94.73,38,0,8.25
147,Provideniya,RU,2020-02-19 03:51:57,64.38,-173.3,6.8,77,40,17.9
148,Itarema,BR,2020-02-19 03:51:57,-2.92,-39.92,75.74,92,100,2.91
149,Kudahuvadhoo,MV,2020-02-19 03:48:38,2.67,72.89,82.38,73,35,17.9
150,Sovetskiy,RU,2020-02-19 03:51:58,61.36,63.58,25.52,92,15,9.24
151,Boyolangu,ID,2020-02-19 03:51:58,-8.12,111.89,79.93,77,100,2.89
152,Casa Grande,US,2020-02-19 03:51:58,32.88,-111.76,68.0,38,40,3.36
153,Bjerkvik,NO,2020-02-19 03:51:58,68.56,17.52,28.99,92,90,11.41
154,Bayangol,RU,2020-02-19 03:51:58,50.7,103.47,11.26,73,33,1.59
155,Rosarito,MX,2020-02-19 03:51:59,32.33,-117.03,59.0,87,40,4.7
156,Wewak,PG,2020-02-19 03:51:59,-3.55,143.63,82.51,75,82,11.16
157,Buchanan,LR,2020-02-19 03:51:59,5.88,-10.05,76.66,94,0,1.54
158,Bilma,NE,2020-02-19 03:51:59,18.69,12.92,58.19,34,0,15.01
159,Chuy,UY,2020-02-19 03:52:00,-33.7,-53.46,67.46,79,22,8.75
160,Kailua,US,2020-02-19 03:52:00,21.4,-157.74,80.6,78,90,9.17
161,Matay,EG,2020-02-19 03:52:00,28.42,30.78,49.51,75,21,5.06
162,Qaqortoq,GL,2020-02-19 03:52:00,60.72,-46.03,12.2,56,32,3.36
163,Adrar,MR,2020-02-19 03:52:00,20.5,-10.07,69.33,14,56,11.48
164,Cherskiy,RU,2020-02-19 03:52:01,68.75,161.3,-20.79,96,100,5.37
165,Bardiyah,LY,2020-02-19 03:52:01,31.76,25.09,57.87,68,29,15.61
166,Kalabo,ZM,2020-02-19 03:52:01,-14.97,22.68,67.19,92,100,4.65
167,Barrow,US,2020-02-19 03:52:01,71.29,-156.79,-2.2,77,90,23.04
168,Okato,NZ,2020-02-19 03:52:02,-39.2,173.88,75.0,73,38,8.99
169,College,US,2020-02-19 03:52:02,64.86,-147.8,21.0,92,1,1.83
170,Constitucion,CL,2020-02-19 03:52:02,-35.33,-72.42,59.4,68,0,6.8
171,Bocaiuva,BR,2020-02-19 03:51:21,-17.11,-43.81,71.6,78,100,2.55
172,Bandarban,BD,2020-02-19 03:52:03,22.2,92.23,74.7,39,0,4.85
173,Bredasdorp,ZA,2020-02-19 03:51:48,-34.53,20.04,68.0,82,86,10.29
174,Leningradskiy,RU,2020-02-19 03:52:03,69.38,178.42,-18.92,94,45,17.25
175,Rovnoye,RU,2020-02-19 03:52:03,50.78,46.05,33.22,90,100,14.61
176,Tazovskiy,RU,2020-02-19 03:52:04,67.47,78.7,18.37,91,100,18.81
177,Mogadishu,SO,2020-02-19 03:52:04,2.04,45.34,80.6,69,75,12.75
178,Saint George,US,2020-02-19 03:51:05,37.1,-113.58,46.99,43,1,5.82
179,Butaritari,KI,2020-02-19 03:52:04,3.07,172.79,83.79,77,0,18.5
180,Padang,ID,2020-02-19 03:52:05,-0.95,100.35,79.27,66,18,3.62
181,Iqaluit,CA,2020-02-19 03:52:05,63.75,-68.51,-31.0,59,5,3.36
182,Ippy,CF,2020-02-19 03:52:05,6.27,21.22,70.18,78,9,2.42
183,San Cristobal,VE,2020-02-19 03:52:05,7.77,-72.22,82.4,61,20,2.24
184,Inegol,TR,2020-02-19 03:52:06,40.08,29.51,26.6,100,0,2.24
185,Lavrentiya,RU,2020-02-19 03:52:06,65.58,-171.0,-4.83,80,100,6.69
186,Imbituba,BR,2020-02-19 03:52:06,-28.24,-48.67,80.6,100,20,5.82
187,Carutapera,BR,2020-02-19 03:52:07,-1.2,-46.02,81.14,83,100,18.21
188,Krasnoarmeysk,RU,2020-02-19 03:52:07,51.02,45.7,35.01,89,100,4.0
189,Okhotsk,RU,2020-02-19 03:52:07,59.38,143.3,1.96,75,10,8.86
190,Atar,MR,2020-02-19 03:52:07,20.52,-13.05,70.57,14,68,10.6
191,Sitka,US,2020-02-19 03:52:07,57.05,-135.33,42.8,79,75,13.87
192,Clyde River,CA,2020-02-19 03:52:08,70.47,-68.59,-27.4,74,1,3.36
193,Gafanha Da Encarnacao,PT,2020-02-19 03:52:08,40.62,-8.73,48.99,93,0,2.24
194,Navirai,BR,2020-02-19 03:52:08,-23.07,-54.19,76.53,91,100,4.81
195,Chapulhuacan,MX,2020-02-19 03:52:08,21.17,-98.9,60.1,96,0,0.78
196,Norman Wells,CA,2020-02-19 03:52:09,65.28,-126.83,-2.2,70,75,5.82
197,Mabaruma,GY,2020-02-19 03:52:09,8.2,-59.78,70.2,95,20,2.39
198,San Carlos De Bariloche,AR,2020-02-19 03:52:09,-41.15,-71.31,53.6,66,75,16.11
199,Aklavik,CA,2020-02-19 03:52:09,68.22,-135.01,12.2,72,75,5.82
200,Hervey Bay,AU,2020-02-19 03:52:09,-25.3,152.85,91.0,55,75,10.29
201,Lufilufi,WS,2020-02-19 03:52:10,-13.87,-171.6,82.0,83,98,8.99
202,Pevek,RU,2020-02-19 03:52:10,69.7,170.31,-23.06,99,100,4.34
203,Bijar,IR,2020-02-19 03:52:10,35.87,47.61,31.75,96,100,2.57
204,Aksu,CN,2020-02-19 03:52:10,41.12,80.26,33.8,38,14,1.9
205,Rudnichnyy,RU,2020-02-19 03:52:11,59.62,52.47,33.12,97,100,10.74
206,Baykit,RU,2020-02-19 03:52:11,61.67,96.37,6.06,96,97,2.3
207,Georgetown,MY,2020-02-19 03:52:11,5.41,100.34,86.0,62,20,2.24
208,Half Moon Bay,US,2020-02-19 03:52:11,37.46,-122.43,55.99,58,20,17.22
209,Anloga,GH,2020-02-19 03:52:11,5.79,0.9,82.4,88,20,8.05
210,Mimongo,GA,2020-02-19 03:52:12,-1.62,11.61,68.18,96,17,1.68
211,Bonavista,CA,2020-02-19 03:52:12,48.65,-53.11,12.0,76,10,8.01
212,Zhanakorgan,KZ,2020-02-19 03:52:12,43.91,67.25,20.14,67,0,4.29
213,Kandrian,PG,2020-02-19 03:52:13,-6.22,149.55,85.32,64,82,12.68
214,Villaviciosa,ES,2020-02-19 03:52:13,43.48,-5.44,44.01,81,0,9.17
215,Puerto Del Rosario,ES,2020-02-19 03:52:13,28.5,-13.86,64.4,77,90,21.92
216,Camacha,PT,2020-02-19 03:52:13,33.08,-16.33,59.0,67,75,17.22
217,Guiglo,CI,2020-02-19 03:52:14,6.55,-7.5,71.78,97,14,2.15
218,Cap Malheureux,MU,2020-02-19 03:52:14,-19.98,57.61,79.0,69,40,9.17
219,Smirnykh,RU,2020-02-19 03:52:14,49.75,142.83,13.69,82,34,2.55
220,Teya,RU,2020-02-19 03:52:14,60.38,92.63,12.78,87,89,10.83
221,Uinskoye,RU,2020-02-19 03:52:15,56.88,56.58,33.24,97,100,12.3
222,Begun,IN,2020-02-19 03:52:15,24.98,75.0,69.1,16,51,4.56
223,Ahuimanu,US,2020-02-19 03:52:15,21.44,-157.84,80.6,78,90,9.17
224,Ngunguru,NZ,2020-02-19 03:52:15,-35.62,174.5,82.99,60,39,7.0
225,Mareeba,AU,2020-02-19 03:52:15,-17.0,145.43,89.6,70,75,9.17
226,Langfang,CN,2020-02-19 03:49:35,39.51,116.69,48.99,39,0,4.47
227,Pasni,PK,2020-02-19 03:52:16,25.26,63.47,68.4,24,100,20.04
228,Gazanjyk,TM,2020-02-19 03:52:16,39.24,55.52,31.93,84,0,12.03
229,Samarai,PG,2020-02-19 03:52:16,-10.62,150.67,91.47,48,82,4.81
230,Bethel,US,2020-02-19 03:52:16,41.37,-73.41,43.0,93,90,4.59
231,Kuala Terengganu,MY,2020-02-19 03:47:51,5.33,103.14,84.2,74,40,8.05
232,Klaksvik,FO,2020-02-19 03:52:17,62.23,-6.59,37.4,93,94,1.12
233,Biltine,TD,2020-02-19 03:52:17,14.53,20.92,66.07,27,81,9.93
234,Sunndalsora,NO,2020-02-19 03:52:17,62.68,8.55,37.4,93,88,18.34
235,Kralendijk,BQ,2020-02-19 03:52:18,12.15,-68.27,80.6,78,0,17.22
236,Portland,US,2020-02-19 03:52:18,45.52,-122.68,45.0,45,1,12.75
237,Saint-Augustin,CA,2020-02-19 03:52:18,51.23,-58.65,11.91,88,67,9.46
238,Ouadda,CF,2020-02-19 03:52:18,8.08,22.4,69.01,44,69,2.64
239,Yerofey Pavlovich,RU,2020-02-19 03:52:18,53.97,121.97,11.95,80,16,3.18
240,Manavgat,TR,2020-02-19 03:52:18,36.79,31.44,48.2,61,0,10.29
241,Wembley,AU,2020-02-19 03:52:19,-31.93,115.8,95.0,24,0,10.29
242,Souillac,MU,2020-02-19 03:52:19,-20.52,57.52,79.0,69,40,9.17
243,Kapoeta,SS,2020-02-19 03:52:19,4.77,33.59,84.49,45,9,11.23
244,Lakhnadon,IN,2020-02-19 03:52:19,22.6,79.6,69.39,17,21,4.0
245,Esperance,AU,2020-02-19 03:52:20,-33.87,121.9,73.4,43,100,11.41
246,Yumen,CN,2020-02-19 03:52:20,40.28,97.2,31.59,28,100,8.23
247,Kimbe,PG,2020-02-19 03:52:20,-5.55,150.14,82.11,82,99,9.19
248,Elk Point,US,2020-02-19 03:52:21,42.68,-96.68,24.8,85,90,11.41
249,Kununurra,AU,2020-02-19 03:52:21,-15.77,128.73,93.2,46,66,6.93
250,Talnakh,RU,2020-02-19 03:52:21,69.49,88.4,10.4,85,40,33.55
251,Aden,YE,2020-02-19 03:49:19,12.78,45.04,72.48,77,0,7.65
252,Walvis Bay,NA,2020-02-19 03:51:04,-22.96,14.51,64.0,90,100,6.6
253,Te Anau,NZ,2020-02-19 03:52:00,-45.42,167.72,58.3,68,65,5.75
254,Krasnogvardeyskiy,RU,2020-02-19 03:52:22,57.38,62.32,31.24,88,100,8.7
255,Parnamirim,BR,2020-02-19 03:52:23,-5.92,-35.26,78.8,94,75,5.82
256,Touros,BR,2020-02-19 03:52:23,-5.2,-35.46,78.8,88,40,3.36
257,Winnemucca,US,2020-02-19 03:52:23,40.97,-117.74,24.8,45,1,5.82
258,Payo,ID,2020-02-19 03:52:23,-3.75,103.64,74.7,83,95,3.18
259,San Rafael Del Sur,NI,2020-02-19 03:52:23,11.85,-86.44,82.4,65,20,18.34
260,Orlik,RU,2020-02-19 03:52:24,52.52,99.83,4.06,79,100,0.96
261,Arlit,NE,2020-02-19 03:52:24,18.74,7.39,61.05,27,79,6.98
262,Gat,IL,2020-02-19 03:52:24,31.61,34.76,57.2,82,75,4.7
263,Beringovskiy,RU,2020-02-19 03:52:24,63.05,179.32,-8.05,83,96,17.16
264,Gornopravdinsk,RU,2020-02-19 03:52:25,60.05,69.9,28.9,93,99,10.0
265,Kavieng,PG,2020-02-19 03:52:25,-2.57,150.8,84.04,74,53,9.64
266,Chara,RU,2020-02-19 03:52:25,56.91,118.26,-6.83,74,1,1.19
267,Labuhan,ID,2020-02-19 03:52:25,-6.88,112.21,80.55,83,100,4.81
268,Cartagena,CO,2020-02-19 03:52:26,10.4,-75.51,78.8,88,0,6.93
269,Rio Grande,BR,2020-02-19 03:52:26,-32.03,-52.1,73.15,75,1,15.79
270,Airai,TL,2020-02-19 03:52:26,-8.93,125.41,79.61,70,39,4.45
271,Kirakira,SB,2020-02-19 03:52:26,-10.45,161.92,81.36,83,42,6.89
272,Marawi,PH,2020-02-19 03:52:27,8.0,124.29,81.0,78,37,7.0
273,George,ZA,2020-02-19 03:52:27,-33.96,22.46,64.4,100,90,2.24
274,Bongouanou,CI,2020-02-19 03:52:27,6.65,-4.2,72.66,94,16,2.42
275,Koslan,RU,2020-02-19 03:52:28,63.46,48.9,32.68,94,100,11.25
276,Longyearbyen,SJ,2020-02-19 03:52:28,78.22,15.64,3.2,65,40,23.04
277,High Prairie,CA,2020-02-19 03:52:28,55.43,-116.49,1.6,96,22,3.51
278,Saldanha,ZA,2020-02-19 03:52:28,-33.01,17.94,69.8,64,0,1.12
279,Amga,RU,2020-02-19 03:52:28,60.9,131.96,-10.77,91,94,3.06
280,Mukhen,RU,2020-02-19 03:52:29,48.1,136.1,17.13,78,100,6.38
281,Moose Factory,CA,2020-02-19 03:52:29,51.26,-80.61,1.4,77,90,13.87
282,Faanui,PF,2020-02-19 03:52:29,-16.48,-151.75,82.85,75,100,12.53
283,Pumiao,CN,2020-02-19 03:52:29,22.75,108.48,60.8,67,40,2.24
284,Cuenca,EC,2020-02-19 03:52:29,-2.88,-78.98,60.8,72,99,4.7
285,Watertown,US,2020-02-19 03:52:29,42.37,-71.18,37.99,93,90,4.7
286,Sao Felix Do Xingu,BR,2020-02-19 03:52:30,-6.64,-51.99,73.96,96,100,0.89
287,Waipawa,NZ,2020-02-19 03:52:30,-41.41,175.52,69.8,77,47,23.04
288,Geraldton,AU,2020-02-19 03:52:30,-28.77,114.6,91.4,33,100,12.75
289,Hirara,JP,2020-02-19 03:52:30,24.8,125.28,68.0,48,40,11.41
290,Mudigere,IN,2020-02-19 03:50:02,13.13,75.63,75.18,41,84,3.98
291,Iquique,CL,2020-02-19 03:51:49,-20.22,-70.14,73.4,60,100,9.17
292,The Valley,AI,2020-02-19 03:52:31,18.22,-63.06,78.01,73,40,12.75
293,Metro,ID,2020-02-19 03:52:31,-5.11,105.31,82.13,75,98,11.68
294,Albemarle,US,2020-02-19 03:52:31,35.35,-80.2,57.99,100,90,5.82
295,Mount Gambier,AU,2020-02-19 03:52:32,-37.83,140.77,64.4,63,90,18.34
296,Wanning,CN,2020-02-19 03:52:32,18.8,110.4,69.85,84,100,9.95
297,Shakawe,BW,2020-02-19 03:52:32,-18.37,21.85,66.43,94,100,3.24
298,Jerantut,MY,2020-02-19 03:51:20,3.94,102.36,81.99,65,99,3.13
299,Zyryanka,RU,2020-02-19 03:52:32,65.75,150.85,-5.55,91,90,0.49
300,Karratha,AU,2020-02-19 03:52:33,-20.74,116.85,88.52,65,8,14.16
301,Sola,VU,2020-02-19 03:51:50,-13.88,167.55,89.6,66,75,5.82
302,Salalah,OM,2020-02-19 03:52:33,17.02,54.09,68.0,77,20,4.7
303,Lagoa,PT,2020-02-19 03:52:33,39.05,-27.98,60.19,75,18,18.68
304,Ahipara,NZ,2020-02-19 03:51:40,-35.17,173.17,75.99,95,0,1.01
305,Key West,US,2020-02-19 03:48:22,24.56,-81.78,80.6,83,90,14.99
306,Mount Isa,AU,2020-02-19 03:52:34,-20.73,139.5,98.6,32,40,10.29
307,Grand Gaube,MU,2020-02-19 03:52:34,-20.01,57.66,79.0,69,40,9.17
308,San Miguel,SV,2020-02-19 03:52:34,13.48,-88.18,84.2,70,90,3.36
309,Havre-Saint-Pierre,CA,2020-02-19 03:52:34,50.23,-63.6,17.6,78,90,14.99
310,Castro,BR,2020-02-19 03:49:09,-24.79,-50.01,66.45,98,100,2.46
311,Ajaccio,FR,2020-02-19 03:52:35,42.0,8.92,50.0,81,75,8.05
312,Wajima,JP,2020-02-19 03:52:35,37.4,136.9,39.2,64,75,1.12
313,Torbay,CA,2020-02-19 03:52:22,47.67,-52.73,15.01,72,20,12.75
314,Saint-Francois,FR,2020-02-19 03:52:36,46.42,3.91,44.6,70,75,9.17
315,Shenjiamen,CN,2020-02-19 03:52:36,29.96,122.3,47.26,64,0,10.2
316,Ostrovnoy,RU,2020-02-19 03:52:36,68.05,39.51,14.31,98,99,4.05
317,Lac Du Bonnet,CA,2020-02-19 03:52:36,50.25,-96.06,-9.99,76,81,5.77
318,Khandbari,NP,2020-02-19 03:52:36,27.37,87.2,44.01,62,72,2.82
319,Ust-Kan,RU,2020-02-19 03:52:37,50.93,84.76,4.46,86,100,10.22
320,Zhuanghe,CN,2020-02-19 03:52:37,39.7,122.99,41.0,63,5,3.0
321,Gueret,FR,2020-02-19 03:52:37,46.17,1.87,43.0,93,99,6.93
322,Tura,IN,2020-02-19 03:52:37,25.52,90.22,75.63,41,0,1.07
323,Ginda,IN,2020-02-19 03:52:37,30.69,78.49,51.35,34,100,1.28
324,Thinadhoo,MV,2020-02-19 03:52:38,0.53,72.93,82.36,81,0,14.74
325,Marienburg,PL,2020-02-19 03:52:38,54.04,19.03,39.99,82,20,11.41
326,Denpasar,ID,2020-02-19 03:52:38,-8.65,115.22,87.8,79,20,11.41
327,Port Shepstone,ZA,2020-02-19 03:52:38,-30.74,30.45,66.83,94,100,4.79
328,Port Lincoln,AU,2020-02-19 03:52:39,-34.73,135.87,62.15,61,100,13.27
329,Sete Lagoas,BR,2020-02-19 03:51:38,-19.47,-44.25,73.4,83,96,2.24
330,Ancud,CL,2020-02-19 03:52:14,-41.87,-73.82,48.2,87,6,5.82
331,Yulara,AU,2020-02-19 03:52:39,-25.24,130.99,89.6,15,32,11.41
332,Preobrazheniye,RU,2020-02-19 03:52:39,42.9,133.91,26.85,55,0,4.21
333,Dholka,IN,2020-02-19 03:52:40,22.72,72.47,71.6,53,31,2.75
334,Axim,GH,2020-02-19 03:52:40,4.87,-2.24,76.78,92,0,3.11
335,Bose,IT,2020-02-19 03:52:40,45.46,8.01,43.0,60,20,3.36
336,Sao Joao Da Barra,BR,2020-02-19 03:52:31,-21.64,-41.05,77.92,86,0,17.72
337,Mittagong,AU,2020-02-19 03:52:41,-34.45,150.45,81.0,38,75,17.22
338,Severnoye,RU,2020-02-19 03:52:41,56.35,78.36,22.51,93,100,10.49
339,Bambanglipuro,ID,2020-02-19 03:52:41,-7.95,110.28,84.02,66,83,7.76
340,Urucara,BR,2020-02-19 03:52:42,-2.54,-57.76,77.54,84,48,1.14
341,Tokuyama,JP,2020-02-19 03:52:42,34.05,131.82,53.01,52,75,6.93
342,Xiaoyi,CN,2020-02-19 03:52:42,34.62,109.7,52.11,20,37,5.01
343,San Policarpo,PH,2020-02-19 03:52:42,12.18,125.51,78.01,84,29,18.84
344,Rawson,AR,2020-02-19 03:52:39,-43.3,-65.1,67.71,41,100,26.13
345,El Vigia,VE,2020-02-19 03:52:43,8.62,-71.65,68.58,76,59,4.97
346,Sokolo,ML,2020-02-19 03:52:43,14.73,-6.12,71.55,14,0,9.69
347,Rassvet,RU,2020-02-19 03:52:43,46.83,40.75,34.66,74,0,2.37
348,Bonthe,SL,2020-02-19 03:52:43,7.53,-12.51,78.31,87,0,4.0
349,Sakakah,SA,2020-02-19 03:52:43,29.97,40.21,50.0,87,5,5.19
350,Port Hardy,CA,2020-02-19 03:52:44,50.7,-127.42,37.4,89,5,3.36
351,Rivadavia,AR,2020-02-19 03:52:44,-33.19,-68.46,68.0,49,0,4.7
352,Nokaneng,BW,2020-02-19 03:52:44,-19.67,22.27,69.53,92,95,6.89
353,North Platte,US,2020-02-19 03:52:44,41.12,-100.77,26.6,79,1,17.22
354,Londoko,RU,2020-02-19 03:52:44,49.03,131.98,13.8,74,98,4.74
355,Bubaque,GW,2020-02-19 03:52:45,11.28,-15.83,78.35,78,0,10.76
356,Safford,US,2020-02-19 03:52:45,32.83,-109.71,57.0,50,1,6.93
357,Vanimo,PG,2020-02-19 03:52:23,-2.67,141.3,79.03,88,74,23.38
358,Tamiahua,MX,2020-02-19 03:52:45,21.27,-97.45,73.56,90,0,10.2
359,Sal Rei,CV,2020-02-19 03:52:45,16.18,-22.92,71.6,78,100,17.22
360,Bintulu,MY,2020-02-19 03:48:24,3.17,113.03,84.2,79,75,4.7
361,Mahibadhoo,MV,2020-02-19 03:52:46,3.78,72.97,81.28,77,62,18.88
362,Bengkulu,ID,2020-02-19 03:51:31,-3.8,102.27,87.35,61,1,1.03
363,Dukat,RU,2020-02-19 03:52:46,62.55,155.55,-19.37,94,100,3.8
364,Illapel,CL,2020-02-19 03:52:46,-31.63,-71.17,58.87,60,0,1.77
365,High Level,CA,2020-02-19 03:52:47,58.52,-117.14,-9.4,83,40,2.24
366,Makakilo City,US,2020-02-19 03:52:47,21.35,-158.09,80.6,78,90,9.17
367,Kilindoni,TZ,2020-02-19 03:52:48,-7.91,39.67,83.01,76,0,4.05
368,Anadyr,RU,2020-02-19 03:52:48,64.75,177.48,-9.4,76,0,8.95
369,Mumford,GH,2020-02-19 03:52:48,5.26,-0.76,76.55,92,0,3.38
370,Henties Bay,NA,2020-02-19 03:52:48,-22.12,14.28,64.0,90,100,1.52
371,Areosa,PT,2020-02-19 03:52:48,41.72,-8.86,50.0,93,0,2.24
372,Warburton,PK,2020-02-19 03:52:49,31.55,73.83,55.4,66,40,11.41
373,Thale,DE,2020-02-19 03:52:49,51.75,11.05,44.01,78,100,8.99
374,Ponta Delgada,PT,2020-02-19 03:52:49,37.73,-25.67,59.0,87,75,6.93
375,Mehamn,NO,2020-02-19 03:52:49,71.04,27.85,23.0,49,75,19.46
376,Humaita,BR,2020-02-19 03:52:50,-7.51,-63.02,76.14,94,89,0.65
377,Lhokseumawe,ID,2020-02-19 03:52:50,5.18,97.15,80.58,66,33,5.93
378,Kasongo,CD,2020-02-19 03:52:50,-4.45,26.67,70.02,98,100,4.97
379,Bosaso,SO,2020-02-19 03:52:50,11.28,49.18,76.14,83,6,11.81
380,Kaitangata,NZ,2020-02-19 03:52:50,-46.28,169.85,66.0,53,90,11.99
381,Vila Franca Do Campo,PT,2020-02-19 03:52:51,37.72,-25.43,59.0,87,75,6.93
382,Manokwari,ID,2020-02-19 03:52:51,-0.87,134.08,74.41,95,100,11.9
383,Gazojak,TM,2020-02-19 03:52:51,41.19,61.4,29.23,52,0,10.4
384,Trinidad,BO,2020-02-19 03:52:51,-14.83,-64.9,78.17,87,73,2.44
385,Bloemfontein,ZA,2020-02-19 03:48:28,-29.12,26.21,62.6,93,75,3.36
386,Perth,AU,2020-02-19 03:51:33,-31.93,115.83,95.0,27,0,12.75
387,Hualmay,PE,2020-02-19 03:52:52,-11.1,-77.61,72.52,77,100,4.34
388,Verkhneyarkeyevo,RU,2020-02-19 03:52:52,55.45,54.31,32.22,94,100,15.86
389,Cayenne,GF,2020-02-19 03:52:52,4.93,-52.33,80.6,74,75,9.17
390,Bam,IR,2020-02-19 03:50:43,29.11,58.36,55.4,39,63,9.93
391,Lahij,YE,2020-02-19 03:52:53,13.17,44.58,68.56,84,3,9.84
392,Skibbereen,IE,2020-02-19 03:48:53,51.55,-9.27,39.2,86,75,5.82
393,Zhigansk,RU,2020-02-19 03:52:53,66.77,123.37,-15.81,96,100,12.57
394,Vila Velha,BR,2020-02-19 03:52:53,-20.33,-40.29,78.8,88,40,3.36
395,Peace River,CA,2020-02-19 03:51:58,56.25,-117.29,-5.8,70,40,9.17
396,Glendive,US,2020-02-19 03:52:54,47.11,-104.71,3.2,64,75,3.36
397,Sinnamary,GF,2020-02-19 03:52:54,5.38,-52.95,78.76,78,92,19.62
398,Lorengau,PG,2020-02-19 03:52:35,-2.02,147.27,83.55,78,54,16.4
399,Kuznechnoye,RU,2020-02-19 03:52:54,61.12,29.87,37.99,89,100,14.81
400,Broome,US,2020-02-19 03:52:55,42.25,-75.83,39.0,80,90,3.36
401,Urla,TR,2020-02-19 03:52:55,38.32,26.76,46.0,86,40,2.24
402,Reconquista,AR,2020-02-19 03:52:55,-29.15,-59.65,67.87,55,91,3.09
403,Zelenokumsk,RU,2020-02-19 03:52:55,44.41,43.88,21.2,92,0,2.24
404,Bilibino,RU,2020-02-19 03:52:39,68.05,166.44,-25.64,97,13,2.01
405,Byron Bay,AU,2020-02-19 03:52:56,-28.65,153.62,95.0,62,0,20.8
406,Egvekinot,RU,2020-02-19 03:52:56,66.32,-179.17,-13.95,92,0,13.53
407,Tarko-Sale,RU,2020-02-19 03:52:56,64.92,77.78,21.99,90,100,1.01
408,Beidao,CN,2020-02-19 03:52:39,34.57,105.89,44.33,43,0,4.68
409,Harker Heights,US,2020-02-19 03:52:56,31.08,-97.66,51.8,71,1,9.17
410,Rio Das Ostras,BR,2020-02-19 03:52:57,-22.53,-41.95,78.8,88,58,9.17
411,Sembakung,ID,2020-02-19 03:52:57,3.82,117.25,86.18,59,40,7.18
412,Ikwiriri,TZ,2020-02-19 03:52:57,-7.96,38.97,73.54,98,19,2.8
413,Alice Springs,AU,2020-02-19 03:51:20,-23.7,133.88,86.0,15,0,13.87
414,Mezhdurechenskiy,RU,2020-02-19 03:52:57,59.6,65.93,31.75,90,73,11.14
415,Virden,US,2020-02-19 03:52:58,39.5,-89.77,32.0,81,1,9.17
416,Hovd,MN,2020-02-19 03:52:58,48.01,91.64,12.07,47,0,4.38
417,Ilheus,BR,2020-02-19 03:52:58,-14.79,-39.05,82.4,83,40,6.93
418,Horlivka,UA,2020-02-19 03:52:58,48.35,38.05,32.92,93,100,6.35
419,Khani,GE,2020-02-19 03:52:59,41.96,42.96,48.2,45,0,13.87
420,Alcacer Do Sal,PT,2020-02-19 03:52:59,38.37,-8.51,48.2,87,0,9.17
421,Ilulissat,GL,2020-02-19 03:49:17,69.22,-51.1,1.4,70,100,6.93
422,Ugoofaaru,MV,2020-02-19 03:52:59,5.67,73.0,81.43,75,3,14.79
423,Ayabaca,PE,2020-02-19 03:52:59,-4.64,-79.71,58.5,88,0,2.98
424,Tanout,NE,2020-02-19 03:53:00,14.97,8.89,60.8,25,1,12.44
425,Dunedin,NZ,2020-02-19 03:53:00,-45.87,170.5,63.0,66,100,3.78
426,Poum,NC,2020-02-19 03:53:00,-20.23,164.02,80.58,79,0,20.58
427,Vologda,RU,2020-02-19 03:51:41,59.22,39.89,32.23,95,99,9.73
428,Ivanteyevka,RU,2020-02-19 03:53:01,55.97,37.92,41.0,93,100,8.95
429,Zhangye,CN,2020-02-19 03:53:01,38.93,100.45,38.53,14,11,2.62
430,Kangaatsiaq,GL,2020-02-19 03:53:01,68.31,-53.46,7.45,88,100,8.81
431,Puro,PH,2020-02-19 03:53:01,12.48,123.38,76.98,79,100,18.95
432,Hurghada,EG,2020-02-19 03:53:01,27.26,33.81,62.6,51,0,12.75
433,Ixtlahuacan Del Rio,MX,2020-02-19 03:53:02,20.87,-103.25,75.99,33,5,5.82
434,Juneau,US,2020-02-19 03:51:08,58.3,-134.42,39.2,86,75,8.05
435,Bulaevo,KZ,2020-02-19 03:53:02,54.91,70.44,27.97,92,100,14.12
436,Prudy,RU,2020-02-19 03:53:02,57.57,46.27,33.82,95,100,9.62
437,Husavik,IS,2020-02-19 03:53:03,66.04,-17.34,24.8,92,20,11.68
438,Kangaba,ML,2020-02-19 03:53:03,11.93,-8.42,70.39,13,0,2.66
439,Mao,ES,2020-02-19 03:53:04,39.89,4.27,46.4,81,0,8.05
440,Beloha,MG,2020-02-19 03:53:04,-25.17,45.05,74.26,85,82,2.26
441,Xiazhen,CN,2020-02-19 03:53:04,34.8,117.11,48.74,47,100,8.21
442,Marsa Matruh,EG,2020-02-19 03:53:04,31.35,27.25,50.0,81,40,4.7
443,Koping,SE,2020-02-19 03:53:05,59.51,15.99,43.0,69,0,11.41
444,Espoo,FI,2020-02-19 03:53:05,60.25,24.67,37.99,84,96,11.41
445,Slave Lake,CA,2020-02-19 03:53:05,55.28,-114.77,3.2,65,90,11.41
446,Port Blair,IN,2020-02-19 03:53:05,11.67,92.75,80.17,80,40,15.26
447,Quelimane,MZ,2020-02-19 03:53:05,-17.88,36.89,78.8,94,20,4.12
448,Umm Lajj,SA,2020-02-19 03:53:06,25.02,37.27,58.05,56,0,2.26
449,Banyumas,ID,2020-02-19 03:53:06,-7.51,109.29,86.0,64,97,1.66
450,Tolaga Bay,NZ,2020-02-19 03:53:06,-38.37,178.3,66.81,83,100,18.88
451,Pampa,US,2020-02-19 03:48:49,35.54,-100.96,37.4,68,1,6.93
452,Hobyo,SO,2020-02-19 03:53:06,5.35,48.53,75.87,83,34,11.05
453,La Ronge,CA,2020-02-19 03:53:06,55.1,-105.28,-14.8,68,5,4.7
454,Tsybli,UA,2020-02-19 03:53:07,49.99,31.56,35.6,93,0,6.71
455,Rorvik,NO,2020-02-19 03:53:07,64.86,11.24,38.19,62,11,13.69
456,Flinders,AU,2020-02-19 03:53:07,-34.58,150.86,82.99,38,75,17.22
457,Whitefish,US,2020-02-19 03:53:07,48.41,-114.34,26.01,85,1,3.94
458,Pacific Grove,US,2020-02-19 03:53:08,36.62,-121.92,55.0,66,1,3.74
459,Komsomolskiy,UZ,2020-02-19 03:53:08,40.43,71.72,30.2,79,75,3.38
460,Elk City,US,2020-02-19 03:53:08,35.41,-99.4,37.4,59,40,5.82
461,Tual,ID,2020-02-19 03:53:08,-5.67,132.75,80.64,81,100,23.89
462,Harwich,GB,2020-02-19 03:53:09,51.94,1.28,39.99,77,0,13.87
463,The Pas,CA,2020-02-19 03:53:09,53.83,-101.25,-5.8,58,1,11.41
464,Navrongo,GH,2020-02-19 03:53:09,10.9,-1.09,72.95,15,0,9.6
465,Chabahar,IR,2020-02-19 03:53:09,25.29,60.64,70.56,42,100,2.17
466,Bobo Dioulasso,BF,2020-02-19 03:53:09,11.18,-4.3,78.8,34,0,9.17
467,Grants Pass,US,2020-02-19 03:53:10,42.44,-123.33,42.01,56,1,3.8
468,Myitkyina,MM,2020-02-19 03:53:10,25.38,97.4,67.51,67,4,4.59
469,Montrose,US,2020-02-19 03:53:10,38.42,-108.27,34.0,51,1,10.29
470,Yelizovo,RU,2020-02-19 03:50:41,53.19,158.38,19.4,41,0,2.24
471,Aripuana,BR,2020-02-19 03:53:10,-9.17,-60.63,74.88,97,100,0.76
472,Viedma,AR,2020-02-19 03:51:19,-40.81,-63.0,70.93,30,36,17.02
473,Avera,US,2020-02-19 03:53:11,33.19,-82.53,62.6,99,90,3.27
474,Forssa,FI,2020-02-19 03:53:11,60.78,23.6,37.0,82,93,7.0
475,Cairns,AU,2020-02-19 03:50:30,-16.92,145.77,89.6,66,86,9.17
476,Caravelas,BR,2020-02-19 03:53:11,-17.71,-39.25,80.4,83,21,12.8
477,Kintampo,GH,2020-02-19 03:53:12,8.06,-1.73,75.25,77,0,1.77
478,Kolpashevo,RU,2020-02-19 03:53:12,58.31,82.91,15.3,92,100,12.1
479,Alausi,EC,2020-02-19 03:53:12,-2.2,-78.83,57.56,91,33,1.21
480,Tateyama,JP,2020-02-19 03:53:12,34.98,139.87,55.0,40,75,9.17
481,Kimberley,ZA,2020-02-19 03:53:13,-28.73,24.76,64.4,100,75,2.24
482,Dingle,PH,2020-02-19 03:53:13,11.0,122.67,77.58,79,76,18.86
483,Tottori,JP,2020-02-19 03:48:47,35.5,134.23,46.4,52,75,8.05
484,Paris,FR,2020-02-19 03:52:25,48.85,2.35,42.01,93,75,11.41
485,Hoquiam,US,2020-02-19 03:53:14,46.98,-123.89,43.0,60,1,6.93
486,Hambantota,LK,2020-02-19 03:53:07,6.12,81.12,78.8,78,5,6.93
487,Xuanhua,CN,2020-02-19 03:53:14,40.61,115.04,33.75,34,0,2.48
488,Nampula,MZ,2020-02-19 03:53:14,-15.12,39.27,71.6,100,75,3.36
489,Arvika,SE,2020-02-19 03:53:15,59.66,12.59,37.0,86,0,9.17
490,Moreira,PT,2020-02-19 03:53:15,41.06,-8.39,45.0,93,0,2.24
491,Puerto El Triunfo,SV,2020-02-19 03:53:15,13.28,-88.55,84.2,70,100,3.36
492,Jacareacanga,BR,2020-02-19 03:53:15,-6.22,-57.75,73.85,96,100,1.5
493,Salta,AR,2020-02-19 03:53:16,-24.79,-65.41,66.2,93,75,1.5
494,Asfi,MA,2020-02-19 03:53:16,32.3,-9.24,54.59,94,79,12.41
495,Liusha,CN,2020-02-19 03:53:16,27.21,108.59,48.52,61,97,1.25
496,Rostovka,RU,2020-02-19 03:53:16,55.38,71.89,27.36,94,100,14.61
497,Abalak,RU,2020-02-19 03:52:57,58.13,68.59,24.73,95,99,8.7
498,Yongchang,CN,2020-02-19 03:53:17,30.04,119.73,50.0,53,60,2.28
499,Mitchell,US,2020-02-19 03:51:13,43.71,-98.03,7.0,77,20,8.05
500,Pacifica,US,2020-02-19 03:53:17,37.61,-122.49,55.99,66,0,4.7
501,Dauphin,CA,2020-02-19 03:53:17,51.15,-100.05,-7.6,63,1,14.99
502,Maragogi,BR,2020-02-19 03:53:18,-9.01,-35.22,81.39,75,21,16.02
503,Esqueda,MX,2020-02-19 03:53:18,30.72,-109.58,57.47,34,100,2.86
504,Quang Ngai,VN,2020-02-19 03:53:18,15.12,108.8,72.64,83,7,10.02
505,Rocha,UY,2020-02-19 03:53:18,-34.48,-54.33,65.19,90,59,6.55
506,Madarounfa,NE,2020-02-19 03:53:18,13.31,7.16,64.76,22,0,11.97
507,Challans,FR,2020-02-19 03:53:19,46.84,-1.87,50.0,87,97,17.22
508,Kondinskoye,RU,2020-02-19 03:53:19,59.65,67.41,31.1,92,98,13.78
509,Varzea Da Palma,BR,2020-02-19 03:53:19,-17.6,-44.73,67.55,91,100,5.3
510,Krasnoselkup,RU,2020-02-19 03:53:19,65.7,82.47,12.4,92,100,22.32
511,Doha,QA,2020-02-19 03:53:19,25.29,51.53,73.0,88,0,2.24
512,Kyrksaeterora,NO,2020-02-19 03:53:20,63.29,9.09,36.0,93,100,18.34
513,Khuzhir,RU,2020-02-19 03:53:20,53.19,107.34,13.21,90,100,12.77
514,Belyy Yar,RU,2020-02-19 03:53:20,53.6,91.39,21.2,67,22,15.66
515,Mbandaka,CD,2020-02-19 03:53:20,0.05,18.26,69.21,97,100,2.24
516,Ciudad Bolivar,VE,2020-02-19 03:51:26,8.12,-63.55,79.2,67,95,14.54
517,Quatre Cocos,MU,2020-02-19 03:53:21,-20.21,57.76,79.0,69,40,9.17
518,Haines Junction,CA,2020-02-19 03:53:21,60.75,-137.51,18.32,92,72,9.4
519,Sterling,US,2020-02-19 03:53:21,39.01,-77.43,55.4,76,90,3.36
520,Taoudenni,ML,2020-02-19 03:52:36,22.68,-3.98,69.01,14,99,12.03
521,Morshyn,UA,2020-02-19 03:53:22,49.16,23.87,33.01,82,49,2.24
522,Sobolevo,RU,2020-02-19 03:53:22,54.43,31.9,33.17,92,36,9.84
523,Kissidougou,GN,2020-02-19 03:53:22,9.18,-10.1,67.55,96,4,5.57
524,Malanje,AO,2020-02-19 03:53:23,-9.54,16.34,66.2,96,98,3.11
525,Rio Brilhante,BR,2020-02-19 03:53:23,-21.8,-54.55,74.28,92,100,4.83
526,Kalmunai,LK,2020-02-19 03:53:23,7.42,81.82,79.05,69,14,12.53
527,Kavaratti,IN,2020-02-19 03:53:23,10.57,72.64,82.4,78,20,4.7
528,Isangel,VU,2020-02-19 03:53:23,-19.55,169.27,87.8,62,75,9.17
529,Beyneu,KZ,2020-02-19 03:53:24,45.32,55.2,31.62,51,0,16.96
530,Tessalit,ML,2020-02-19 03:53:24,20.2,1.01,65.73,16,33,12.17
531,Marion,US,2020-02-19 03:53:24,39.77,-86.16,32.0,100,1,8.05
532,Nicoya,CR,2020-02-19 03:53:24,10.15,-85.45,84.2,54,1,26.4
533,Ndele,CF,2020-02-19 03:53:24,8.41,20.65,70.27,32,0,0.4
534,Santa Isabel Do Rio Negro,BR,2020-02-19 03:53:25,-0.41,-65.02,81.0,73,47,2.1
535,Opuwo,NA,2020-02-19 03:53:25,-18.06,13.84,64.89,41,43,2.44
536,Sayyan,YE,2020-02-19 03:53:25,15.17,44.32,50.29,38,0,0.81
537,Vila Do Maio,CV,2020-02-19 03:53:25,15.13,-23.22,77.0,38,67,18.34
538,Cap-Haitien,HT,2020-02-19 03:53:25,19.76,-72.2,79.38,77,0,28.39
539,Biak,ID,2020-02-19 03:52:21,-0.91,122.88,85.14,67,100,7.85
540,Douglas,US,2020-02-19 03:53:26,41.3,-96.17,32.0,84,1,5.88
541,Hofn,IS,2020-02-19 03:53:26,64.25,-15.21,38.57,68,100,12.33
542,Praya,CV,2020-02-19 03:53:26,14.92,-23.51,77.0,38,74,18.34
543,Karpogory,RU,2020-02-19 03:53:26,64.0,44.45,33.62,97,100,10.85
544,Poronaysk,RU,2020-02-19 03:53:27,49.22,143.12,11.91,88,100,5.75
545,Comodoro Rivadavia,AR,2020-02-19 03:51:11,-45.87,-67.5,64.4,31,100,13.87
546,Ewa Beach,US,2020-02-19 03:53:27,21.32,-158.01,80.6,78,90,9.17
547,Bonnyville,CA,2020-02-19 03:53:27,54.27,-110.73,-7.6,52,5,6.93
548,Port Hedland,AU,2020-02-19 03:53:28,-20.32,118.57,95.0,41,1,10.29
549,Morant Bay,JM,2020-02-19 03:53:28,17.88,-76.41,82.4,65,20,8.05
550,Bokovskaya,RU,2020-02-19 03:53:28,49.23,41.83,27.88,94,53,7.45
551,Kasane,BW,2020-02-19 03:53:28,-17.82,25.15,68.0,100,99,4.7
552,Neos Marmaras,GR,2020-02-19 03:53:29,40.1,23.78,44.01,80,47,1.99
553,Dicabisagan,PH,2020-02-19 03:53:29,17.08,122.42,70.9,80,98,11.36
554,Atbasar,KZ,2020-02-19 03:53:29,51.8,68.33,28.58,92,100,21.61
555,Roald,NO,2020-02-19 03:53:29,62.58,6.13,39.99,86,100,12.75
556,Nakano,JP,2020-02-19 03:52:45,36.75,138.37,50.0,75,0,3.83
557,Zhuhai,CN,2020-02-19 03:49:54,22.28,113.57,66.99,67,2,6.93
558,Mundo Nuevo,MX,2020-02-19 03:53:30,18.7,-95.5,69.84,90,0,2.8
559,Sur,OM,2020-02-19 03:53:30,22.57,59.53,64.83,53,0,1.14
560,Nautla,MX,2020-02-19 03:53:30,20.22,-96.78,68.92,93,0,2.28
561,Afua,BR,2020-02-19 03:53:30,-0.16,-50.39,76.8,88,100,9.31
562,Raga,SS,2020-02-19 03:53:31,8.46,25.68,68.04,29,33,2.95
563,Kijang,KR,2020-02-19 03:48:32,35.24,129.21,48.2,29,95,12.75
