,City,Lat,Lng,Max Temp,Humidity,Cloudiness,Wind Speed,Current Weather,Recent Rain,Recent Snow,Country,Date
0,Barrow,71.29,-156.79,-14.8,75,1,6.93,clear sky,0.0,0.0,US,2020-02-23 02:28:58
1,Esperance,-33.87,121.9,78.8,57,40,5.82,scattered clouds,0.0,0.0,AU,2020-02-23 02:35:43
2,Rikitea,-23.12,-134.97,79.86,66,12,6.15,few clouds,0.0,0.0,PF,2020-02-23 02:28:59
3,Kulhudhuffushi,6.62,73.07,83.57,76,100,19.51,overcast clouds,0.0,0.0,MV,2020-02-23 02:38:04
4,Punta Arenas,-53.15,-70.92,51.8,66,20,17.22,few clouds,0.0,0.0,CL,2020-02-23 02:28:57
5,Mataura,-46.19,168.86,62.01,74,75,17.0,broken clouds,0.0,0.0,NZ,2020-02-23 02:37:38
6,Puerto Ayora,-0.74,-90.35,78.01,100,67,4.61,light rain,0.94,0.0,EC,2020-02-23 02:33:17
7,Kapaa,22.08,-159.32,80.6,69,20,8.05,few clouds,0.0,0.0,US,2020-02-23 02:34:39
8,Nieuw Amsterdam,5.88,-55.08,78.01,94,40,3.36,scattered clouds,0.0,0.0,SR,2020-02-23 02:38:06
9,Akdepe,42.06,59.38,39.2,93,90,9.17,overcast clouds,0.0,0.0,TM,2020-02-23 02:38:06
10,Jamestown,42.1,-79.24,37.0,43,1,9.17,clear sky,0.0,0.0,US,2020-02-23 02:30:57
11,Vaini,-21.2,-175.2,84.2,79,40,13.87,scattered clouds,0.0,0.0,TO,2020-02-23 02:34:35
12,Hobart,-42.88,147.33,80.01,46,20,12.75,few clouds,0.0,0.0,AU,2020-02-23 02:30:56
13,Airai,-8.93,125.41,83.41,54,0,3.94,clear sky,0.0,0.0,TL,2020-02-23 02:34:48
14,Kodiak,57.79,-152.41,19.4,73,90,11.41,light snow,0.0,0.0,US,2020-02-23 02:29:12
15,Carnarvon,-24.87,113.63,82.4,58,0,8.05,clear sky,0.0,0.0,AU,2020-02-23 02:38:08
16,Ushuaia,-54.8,-68.3,51.8,62,75,29.97,broken clouds,0.0,0.0,AR,2020-02-23 02:37:02
17,Yulara,-25.24,130.99,89.6,11,0,13.87,clear sky,0.0,0.0,AU,2020-02-23 02:34:59
18,Qaanaaq,77.48,-69.36,-13.34,83,98,2.57,overcast clouds,0.0,0.0,GL,2020-02-23 02:35:09
19,Omboue,-1.57,9.26,76.46,92,100,1.63,overcast clouds,0.0,0.0,GA,2020-02-23 02:38:09
20,Hermanus,-34.42,19.23,63.0,88,0,4.0,clear sky,0.0,0.0,ZA,2020-02-23 02:28:57
21,Lata,40.16,-8.33,55.0,93,0,2.24,mist,0.0,0.0,PT,2020-02-23 02:32:30
22,New Norfolk,-42.78,147.06,80.01,46,20,12.75,few clouds,0.0,0.0,AU,2020-02-23 02:34:42
23,Beringovskiy,63.05,179.32,-8.12,93,0,4.23,clear sky,0.0,0.0,RU,2020-02-23 02:31:57
24,Lorengau,-2.02,147.27,83.62,67,0,3.71,clear sky,0.0,0.0,PG,2020-02-23 02:35:11
25,Saint-Philippe,-21.36,55.77,75.2,60,100,8.05,light rain,0.31,0.0,RE,2020-02-23 02:34:48
26,Atuona,-9.8,-139.03,81.77,77,0,12.37,clear sky,0.0,0.0,PF,2020-02-23 02:29:00
27,Massakory,13.0,15.73,69.8,17,0,17.22,clear sky,0.0,0.0,TD,2020-02-23 02:38:12
28,Narsaq,60.92,-46.05,21.2,79,100,10.29,light snow,0.0,0.0,GL,2020-02-23 02:34:56
29,Petukhovo,55.07,67.9,21.42,96,93,0.85,overcast clouds,0.0,0.0,RU,2020-02-23 02:38:13
30,Vila Velha,-20.33,-40.29,77.0,83,90,12.75,thunderstorm,0.0,0.0,BR,2020-02-23 02:37:21
31,Chipinge,-20.19,32.62,67.55,89,100,3.42,overcast clouds,0.0,0.0,ZW,2020-02-23 02:38:13
32,Busselton,-33.65,115.33,84.0,33,99,10.38,overcast clouds,0.0,0.0,AU,2020-02-23 02:29:04
33,Abu Dhabi,24.47,54.37,69.8,88,0,1.12,haze,0.0,0.0,AE,2020-02-23 02:37:04
34,Marrakesh,31.63,-8.01,59.0,38,20,5.82,few clouds,0.0,0.0,MA,2020-02-23 02:32:36
35,Evensk,61.95,159.23,-5.19,93,100,2.44,overcast clouds,0.0,0.0,RU,2020-02-23 02:33:26
36,East London,-33.02,27.91,67.21,67,92,17.0,light rain,0.25,0.0,ZA,2020-02-23 02:34:38
37,Sola,-13.88,167.55,82.81,77,98,14.74,overcast clouds,0.0,0.0,VU,2020-02-23 02:34:58
38,Laibin,23.7,109.27,70.86,65,34,2.73,scattered clouds,0.0,0.0,CN,2020-02-23 02:38:15
39,Novozybkov,52.54,31.93,37.4,96,90,20.13,overcast clouds,0.0,0.0,RU,2020-02-23 02:38:15
40,Kruisfontein,-34.0,24.73,55.51,83,28,1.88,light rain,0.13,0.0,ZA,2020-02-23 02:32:38
41,Yumen,40.28,97.2,38.57,25,0,25.72,clear sky,0.0,0.0,CN,2020-02-23 02:29:30
42,Ulaanbaatar,47.91,106.88,5.0,71,75,2.24,smoke,0.0,0.0,MN,2020-02-23 02:32:43
43,Torbay,47.67,-52.73,28.99,79,90,18.34,light shower snow,0.0,0.0,CA,2020-02-23 02:35:12
44,Mar Del Plata,-38.0,-57.56,60.01,87,0,8.3,clear sky,0.0,0.0,AR,2020-02-23 02:33:44
45,Rochester,43.15,-77.62,39.0,51,20,12.75,few clouds,0.0,0.0,US,2020-02-23 02:38:16
46,Ewa Beach,21.32,-158.01,80.6,57,1,9.17,clear sky,0.0,0.0,US,2020-02-23 02:34:22
47,Pevek,69.7,170.31,-10.39,96,100,10.27,light snow,0.0,0.13,RU,2020-02-23 02:35:52
48,Ust-Kut,56.79,105.77,13.46,92,100,3.8,light snow,0.0,0.13,RU,2020-02-23 02:38:17
49,Beloha,-25.17,45.05,74.52,86,67,7.27,broken clouds,0.0,0.0,MG,2020-02-23 02:36:38
50,Bethel,41.37,-73.41,39.0,58,1,4.23,clear sky,0.0,0.0,US,2020-02-23 02:36:51
51,Cururupu,-1.83,-44.87,73.8,98,94,4.81,moderate rain,8.88,0.0,BR,2020-02-23 02:38:18
52,Valparaiso,-33.04,-71.63,57.2,87,0,3.0,clear sky,0.0,0.0,CL,2020-02-23 02:38:18
53,Minab,27.15,57.08,68.0,88,40,4.7,mist,0.0,0.0,IR,2020-02-23 02:38:18
54,Bambous Virieux,-20.34,57.76,75.2,100,40,2.24,shower rain,0.0,0.0,MU,2020-02-23 02:33:23
55,Grindavik,63.84,-22.43,30.2,80,75,10.29,shower rain,0.0,0.0,IS,2020-02-23 02:35:03
56,Upernavik,72.79,-56.15,-13.61,91,42,2.84,scattered clouds,0.0,0.0,GL,2020-02-23 02:32:02
57,Vila Franca Do Campo,37.72,-25.43,57.2,76,75,5.82,broken clouds,0.0,0.0,PT,2020-02-23 02:28:33
58,Lebu,-37.62,-73.65,50.9,97,5,3.33,clear sky,0.0,0.0,CL,2020-02-23 02:33:42
59,Avarua,-21.21,-159.78,84.2,83,98,6.93,light rain,0.81,0.0,CK,2020-02-23 02:34:25
60,Cabo San Lucas,22.89,-109.91,75.2,38,75,11.41,broken clouds,0.0,0.0,MX,2020-02-23 02:30:12
61,Fukue,32.69,128.84,50.0,43,20,13.87,few clouds,0.0,0.0,JP,2020-02-23 02:38:19
62,Grand Gaube,-20.01,57.66,75.2,100,40,2.24,shower rain,0.0,0.0,MU,2020-02-23 02:33:08
63,Meadow Lake,34.8,-106.54,46.99,100,75,3.36,broken clouds,0.0,0.0,US,2020-02-23 02:38:20
64,Luderitz,-26.65,15.16,66.2,77,0,12.75,clear sky,0.0,0.0,NA,2020-02-23 02:35:27
65,Sumkino,58.11,68.32,16.54,96,95,5.01,overcast clouds,0.0,0.0,RU,2020-02-23 02:38:20
66,Dosso,13.05,3.19,76.6,11,37,14.61,scattered clouds,0.0,0.0,NE,2020-02-23 02:38:21
67,Ilulissat,69.22,-51.1,1.4,45,100,13.87,overcast clouds,0.0,0.0,GL,2020-02-23 02:34:59
68,Saldanha,-33.01,17.94,64.4,63,0,9.17,clear sky,0.0,0.0,ZA,2020-02-23 02:31:43
69,Sibiti,-3.68,13.35,71.15,99,90,1.41,light rain,0.69,0.0,CG,2020-02-23 02:38:21
70,The Valley,18.22,-63.06,77.0,78,3,4.7,light rain,0.19,0.0,AI,2020-02-23 02:36:42
71,Muroto,33.28,134.15,53.6,40,20,8.05,few clouds,0.0,0.0,JP,2020-02-23 02:38:22
72,Albany,42.6,-73.97,30.99,68,20,4.05,few clouds,0.0,0.0,US,2020-02-23 02:28:56
73,Amarillo,35.22,-101.83,59.0,54,1,13.87,clear sky,0.0,0.0,US,2020-02-23 02:33:59
74,Guerrero Negro,27.98,-114.06,59.5,75,82,18.92,broken clouds,0.0,0.0,MX,2020-02-23 02:36:00
75,Ribeira Grande,38.52,-28.7,53.44,80,8,10.07,clear sky,0.0,0.0,PT,2020-02-23 02:34:33
76,Tual,-5.67,132.75,82.72,76,53,14.67,light rain,1.44,0.0,ID,2020-02-23 02:29:36
77,Tasiilaq,65.61,-37.64,14.0,78,0,1.12,clear sky,0.0,0.0,GL,2020-02-23 02:35:06
78,Conde,-7.26,-34.91,80.6,88,20,4.7,few clouds,0.0,0.0,BR,2020-02-23 02:38:23
79,Dingle,11.0,122.67,81.34,69,24,15.93,light rain,0.13,0.0,PH,2020-02-23 02:32:20
80,Opuwo,-18.06,13.84,66.69,29,100,2.39,overcast clouds,0.0,0.0,NA,2020-02-23 02:36:56
81,Bluff,-46.6,168.33,60.53,63,70,14.65,broken clouds,0.0,0.0,NZ,2020-02-23 02:26:12
82,Fortuna,40.6,-124.16,50.0,87,90,5.82,overcast clouds,0.0,0.0,US,2020-02-23 02:32:22
83,Wanning,18.8,110.4,75.11,63,34,8.34,light rain,0.19,0.0,CN,2020-02-23 02:36:36
84,Hamilton,39.18,-84.53,39.2,80,1,3.36,clear sky,0.0,0.0,US,2020-02-23 02:38:24
85,Leningradskiy,69.38,178.42,-12.05,95,100,6.04,overcast clouds,0.0,0.0,RU,2020-02-23 02:33:42
86,Cumberland,35.05,-78.87,39.2,55,1,4.72,clear sky,0.0,0.0,US,2020-02-23 02:35:43
87,Butaritari,3.07,172.79,84.38,77,41,12.08,light rain,1.13,0.0,KI,2020-02-23 02:34:14
88,Crotone,39.09,17.12,43.54,41,100,4.0,overcast clouds,0.0,0.0,IT,2020-02-23 02:38:25
89,Lavrentiya,65.58,-171.0,-15.34,94,0,4.21,clear sky,0.0,0.0,RU,2020-02-23 02:35:40
90,Mahebourg,-20.41,57.7,75.2,100,40,2.24,shower rain,0.0,0.0,MU,2020-02-23 02:34:09
91,Winkler,49.18,-97.94,28.4,100,1,3.36,clear sky,0.0,0.0,CA,2020-02-23 02:35:03
92,Ghanzi,-21.57,21.78,71.24,76,1,5.82,clear sky,0.0,0.0,BW,2020-02-23 02:33:26
93,Rio Verde De Mato Grosso,-18.92,-54.84,70.5,90,100,2.44,overcast clouds,0.0,0.0,BR,2020-02-23 02:38:26
94,Yongan,39.7,113.69,39.0,31,0,8.59,clear sky,0.0,0.0,CN,2020-02-23 02:38:26
95,Chuy,-33.7,-53.46,59.22,88,0,4.97,clear sky,0.0,0.0,UY,2020-02-23 02:34:05
96,Seymour,38.96,-85.89,37.4,73,1,6.22,clear sky,0.0,0.0,US,2020-02-23 02:37:35
97,Hays,30.05,-98.03,57.2,66,90,5.82,overcast clouds,0.0,0.0,US,2020-02-23 02:38:27
98,Kasongo-Lunda,-6.47,16.82,69.12,97,100,1.66,light rain,0.75,0.0,CD,2020-02-23 02:38:28
99,Northam,51.03,-4.22,55.0,95,100,11.01,light rain,2.0,0.0,GB,2020-02-23 02:38:28
100,Zorritos,-3.68,-80.68,89.6,33,75,3.36,broken clouds,0.0,0.0,PE,2020-02-23 02:38:28
101,Ashland,40.82,-82.27,36.0,55,1,10.29,clear sky,0.0,0.0,US,2020-02-23 02:38:28
102,Fethiye,36.62,29.12,48.2,66,75,11.41,broken clouds,0.0,0.0,TR,2020-02-23 02:38:29
103,Spresiano,45.78,12.26,43.0,93,5,5.82,clear sky,0.0,0.0,IT,2020-02-23 02:38:29
104,Tambo,-14.8,-73.92,47.89,95,100,3.94,light rain,2.63,0.0,PE,2020-02-23 02:38:29
105,Eureka,40.8,-124.16,50.0,81,1,6.93,clear sky,0.0,0.0,US,2020-02-23 02:29:38
106,Hithadhoo,-0.6,73.08,83.25,79,100,17.49,overcast clouds,0.0,0.0,MV,2020-02-23 02:33:34
107,Victoria,22.29,114.16,75.99,52,20,14.99,few clouds,0.0,0.0,HK,2020-02-23 02:34:53
108,Yellowknife,62.46,-114.35,0.0,64,75,5.82,broken clouds,0.0,0.0,CA,2020-02-23 02:28:56
109,San Policarpo,12.18,125.51,81.16,74,0,12.24,light rain,0.44,0.0,PH,2020-02-23 02:38:30
110,Castro,-24.79,-50.01,57.97,90,79,9.42,broken clouds,0.0,0.0,BR,2020-02-23 02:34:08
111,Hachinohe,40.5,141.5,41.0,64,75,38.03,light shower snow,0.0,0.0,JP,2020-02-23 02:38:31
112,Linqu,36.52,118.54,55.99,27,0,3.0,clear sky,0.0,0.0,CN,2020-02-23 02:38:31
113,Markala,13.7,-6.07,75.65,12,0,9.51,clear sky,0.0,0.0,ML,2020-02-23 02:38:31
114,Belmonte,-15.86,-38.88,78.8,88,75,5.82,broken clouds,0.0,0.0,BR,2020-02-23 02:34:24
115,Ponta Do Sol,32.67,-17.1,70.0,72,20,20.8,few clouds,0.0,0.0,PT,2020-02-23 02:34:46
116,Plettenberg Bay,-34.05,23.37,61.68,76,73,7.72,light rain,0.25,0.0,ZA,2020-02-23 02:38:32
117,Ippy,6.27,21.22,77.09,15,1,9.13,clear sky,0.0,0.0,CF,2020-02-23 02:38:32
118,Bilma,18.69,12.92,64.94,22,85,14.29,overcast clouds,0.0,0.0,NE,2020-02-23 02:37:22
119,Maldonado,-34.67,-54.92,57.2,87,0,3.36,clear sky,0.0,0.0,UY,2020-02-23 02:36:26
120,Poronaysk,49.22,143.12,23.97,93,100,20.18,light snow,0.0,1.13,RU,2020-02-23 02:38:32
121,Kununurra,-15.77,128.73,96.8,32,17,11.41,few clouds,0.0,0.0,AU,2020-02-23 02:38:33
122,Quixeramobim,-5.2,-39.29,71.47,95,100,3.18,overcast clouds,0.0,0.0,BR,2020-02-23 02:38:33
123,Kalianget,-7.05,113.93,83.62,78,100,12.17,light rain,1.69,0.0,ID,2020-02-23 02:38:33
124,Gusau,12.16,6.66,71.53,15,0,15.59,clear sky,0.0,0.0,NG,2020-02-23 02:29:06
125,Khatanga,71.97,102.5,11.23,78,100,16.13,overcast clouds,0.0,0.0,RU,2020-02-23 02:28:56
126,Kaitangata,-46.28,169.85,64.0,57,94,8.01,overcast clouds,0.0,0.0,NZ,2020-02-23 02:38:34
127,Qaqortoq,60.72,-46.03,21.2,79,100,10.29,light snow,0.0,0.0,GL,2020-02-23 02:38:34
128,Svetlogorsk,52.63,29.73,40.01,81,100,17.0,light rain,0.44,0.0,BY,2020-02-23 02:31:57
129,Namibe,-15.2,12.15,75.56,77,84,12.39,broken clouds,0.0,0.0,AO,2020-02-23 02:32:55
130,Thompson,55.74,-97.86,21.2,62,40,3.36,scattered clouds,0.0,0.0,CA,2020-02-23 02:30:33
131,Nikolskoye,59.7,30.79,39.2,80,90,15.66,overcast clouds,0.0,0.0,RU,2020-02-23 02:34:32
132,Rudnogorsk,57.26,103.75,14.04,91,77,4.83,broken clouds,0.0,0.0,RU,2020-02-23 02:38:35
133,Pasil,17.38,121.13,69.84,62,51,6.08,broken clouds,0.0,0.0,PH,2020-02-23 02:38:35
134,Saskylakh,71.92,114.08,5.07,95,100,9.22,light snow,0.0,0.38,RU,2020-02-23 02:35:30
135,Rabat,33.99,-6.84,64.0,62,0,9.17,clear sky,0.0,0.0,MA,2020-02-23 02:38:36
136,Worland,44.02,-107.96,32.0,79,1,6.93,clear sky,0.0,0.0,US,2020-02-23 02:38:36
137,Curuca,-0.73,-47.85,81.16,83,74,8.61,broken clouds,0.0,0.0,BR,2020-02-23 02:38:36
138,Ixtapa,20.7,-105.2,78.8,83,20,6.93,few clouds,0.0,0.0,MX,2020-02-23 02:38:36
139,Hasaki,35.73,140.83,57.0,35,20,10.29,few clouds,0.0,0.0,JP,2020-02-23 02:29:43
140,Cherskiy,68.75,161.3,-17.18,94,94,5.64,overcast clouds,0.0,0.0,RU,2020-02-23 02:32:58
141,Kumluca,36.37,30.29,43.11,77,37,6.44,scattered clouds,0.0,0.0,TR,2020-02-23 02:38:37
142,Gobabis,-22.45,18.97,71.6,83,100,3.36,light rain,0.69,0.0,NA,2020-02-23 02:34:56
143,Namatanai,-3.67,152.43,86.38,70,100,14.88,overcast clouds,0.0,0.0,PG,2020-02-23 02:36:27
144,Tela,15.78,-87.45,77.0,88,75,2.24,broken clouds,0.0,0.0,HN,2020-02-23 02:38:38
145,Port Alfred,-33.59,26.89,62.01,84,16,1.01,few clouds,0.0,0.0,ZA,2020-02-23 02:34:31
146,Mount Gambier,-37.83,140.77,78.8,39,0,9.17,clear sky,0.0,0.0,AU,2020-02-23 02:30:52
147,Tuktoyaktuk,69.45,-133.04,1.4,84,90,3.36,light snow,0.0,0.0,CA,2020-02-23 02:30:23
148,Almaznyy,48.04,40.05,32.0,99,90,6.71,fog,0.0,0.0,RU,2020-02-23 02:29:39
149,Provideniya,64.38,-173.3,-9.22,82,0,2.42,clear sky,0.0,0.0,RU,2020-02-23 02:34:33
150,Isla Mujeres,21.23,-86.73,68.0,68,75,6.93,broken clouds,0.0,0.0,MX,2020-02-23 02:35:59
151,Formosa Do Rio Preto,-11.05,-45.19,70.57,92,100,0.58,overcast clouds,0.0,0.0,BR,2020-02-23 02:36:21
152,Norsup,-16.07,167.38,86.0,70,75,10.29,broken clouds,0.0,0.0,VU,2020-02-23 02:38:39
153,Bredasdorp,-34.53,20.04,62.6,72,21,5.82,few clouds,0.0,0.0,ZA,2020-02-23 02:34:08
154,Bara,10.37,10.73,69.64,16,0,8.77,clear sky,0.0,0.0,NG,2020-02-23 02:38:40
155,Hilo,19.73,-155.09,80.6,54,1,10.29,clear sky,0.0,0.0,US,2020-02-23 02:33:37
156,Placerville,38.73,-120.8,64.4,36,1,2.73,clear sky,0.0,0.0,US,2020-02-23 02:34:42
157,Tukrah,32.53,20.58,52.95,72,21,29.57,light rain,0.31,0.0,LY,2020-02-23 02:38:41
158,Portland,45.52,-122.68,51.8,66,90,4.7,overcast clouds,0.0,0.0,US,2020-02-23 02:30:54
159,Lagoa,39.05,-27.98,58.55,77,0,13.73,clear sky,0.0,0.0,PT,2020-02-23 02:35:39
160,Cape Town,-33.93,18.42,64.99,72,0,6.93,clear sky,0.0,0.0,ZA,2020-02-23 02:31:03
161,Sinnamary,5.38,-52.95,79.18,86,98,18.48,light rain,0.25,0.0,GF,2020-02-23 02:29:00
162,Amapa,1.0,-52.0,72.82,99,100,1.39,overcast clouds,0.0,0.0,BR,2020-02-23 02:38:42
163,Bern,46.95,7.45,50.0,86,75,1.12,broken clouds,0.0,0.0,CH,2020-02-23 02:34:18
164,Russellville,35.28,-93.13,46.4,39,1,4.7,clear sky,0.0,0.0,US,2020-02-23 02:38:42
165,Bell Ville,-32.63,-62.69,61.0,76,0,6.26,clear sky,0.0,0.0,AR,2020-02-23 02:38:42
166,Burgersdorp,-31.0,26.33,56.21,68,1,15.95,clear sky,0.0,0.0,ZA,2020-02-23 02:38:42
167,Mount Isa,-20.73,139.5,87.8,52,75,10.29,broken clouds,0.0,0.0,AU,2020-02-23 02:33:36
168,Souillac,-20.52,57.52,75.2,100,40,2.24,shower rain,0.0,0.0,MU,2020-02-23 02:37:30
169,Havelock,34.88,-76.9,37.4,74,1,0.96,clear sky,0.0,0.0,US,2020-02-23 02:27:33
170,Aswan,24.09,32.91,53.6,46,27,24.16,scattered clouds,0.0,0.0,EG,2020-02-23 02:32:40
171,Fengzhen,40.44,113.15,35.71,36,0,13.47,clear sky,0.0,0.0,CN,2020-02-23 02:38:43
172,Shelburne,44.08,-80.2,36.0,74,1,14.94,clear sky,0.0,0.0,CA,2020-02-23 02:33:25
173,Kahului,20.89,-156.47,82.4,51,40,11.41,scattered clouds,0.0,0.0,US,2020-02-23 02:35:00
174,Uyuni,-20.46,-66.83,56.21,58,6,9.15,clear sky,0.0,0.0,BO,2020-02-23 02:38:44
175,Haines Junction,60.75,-137.51,7.05,87,18,7.31,few clouds,0.0,0.0,CA,2020-02-23 02:33:13
176,Los Llanos De Aridane,28.66,-17.92,71.6,53,100,14.99,overcast clouds,0.0,0.0,ES,2020-02-23 02:28:59
177,Darhan,49.49,105.92,13.77,84,63,2.37,broken clouds,0.0,0.0,MN,2020-02-23 02:38:45
178,Mandalgovi,45.76,106.27,28.83,49,38,4.41,scattered clouds,0.0,0.0,MN,2020-02-23 02:34:50
179,Katsuura,35.13,140.3,57.2,26,20,10.29,few clouds,0.0,0.0,JP,2020-02-23 02:35:12
180,Shimoda,34.67,138.95,57.99,50,20,17.22,few clouds,0.0,0.0,JP,2020-02-23 02:34:11
181,Samarai,-10.62,150.67,85.93,77,37,4.72,light rain,1.75,0.0,PG,2020-02-23 02:35:07
182,Wasilla,61.58,-149.44,23.0,85,90,3.36,light snow,0.0,0.0,US,2020-02-23 02:38:46
183,Abu Kamal,34.45,40.92,52.66,66,0,3.8,clear sky,0.0,0.0,SY,2020-02-23 02:29:40
184,Koungou,-12.73,45.2,82.4,83,100,5.82,light rain,2.44,0.0,YT,2020-02-23 02:38:46
185,Makakilo City,21.35,-158.09,80.6,57,1,9.17,clear sky,0.0,0.0,US,2020-02-23 02:29:49
186,Yarada,17.65,83.27,68.0,94,20,2.24,mist,0.0,0.0,IN,2020-02-23 02:37:40
187,Dunhua,43.37,128.24,25.16,65,65,11.7,broken clouds,0.0,0.0,CN,2020-02-23 02:38:47
188,Necochea,-38.55,-58.74,54.0,93,0,3.0,clear sky,0.0,0.0,AR,2020-02-23 02:33:28
189,Gazimurskiy Zavod,51.55,118.33,14.22,84,100,3.69,overcast clouds,0.0,0.0,RU,2020-02-23 02:38:47
190,Arraial Do Cabo,-22.97,-42.03,74.1,81,100,14.97,light rain,1.06,0.0,BR,2020-02-23 02:28:58
191,Luzhou,28.87,105.44,55.6,68,100,0.43,overcast clouds,0.0,0.0,CN,2020-02-23 02:32:21
192,Roald,62.58,6.13,39.2,80,96,19.46,light snow,0.0,1.06,NO,2020-02-23 02:33:45
193,Arroyo,41.61,-4.8,37.99,66,61,3.36,broken clouds,0.0,0.0,ES,2020-02-23 02:38:48
194,Severo-Kurilsk,50.68,156.12,18.55,85,100,12.68,overcast clouds,0.0,0.0,RU,2020-02-23 02:34:33
195,Cuamba,-14.8,36.54,68.77,97,22,1.07,few clouds,0.0,0.0,MZ,2020-02-23 02:38:23
196,Husavik,66.04,-17.34,32.0,74,20,4.7,few clouds,0.0,0.0,IS,2020-02-23 02:31:54
197,Port-Cartier,50.03,-66.87,30.2,74,20,9.17,few clouds,0.0,0.0,CA,2020-02-23 02:38:49
198,Klaksvik,62.23,-6.59,35.6,69,100,1.12,light snow,0.0,1.31,FO,2020-02-23 02:33:50
199,Avera,33.19,-82.53,43.0,48,1,2.91,clear sky,0.0,0.0,US,2020-02-23 02:38:50
200,Tiznit,29.58,-9.5,63.37,20,0,32.82,clear sky,0.0,0.0,MA,2020-02-23 02:29:16
201,Constitucion,-35.33,-72.42,51.35,92,16,3.13,few clouds,0.0,0.0,CL,2020-02-23 02:36:43
202,Marawi,8.0,124.29,80.01,76,0,5.99,clear sky,0.0,0.0,PH,2020-02-23 02:38:50
203,Port Augusta,-32.5,137.77,88.0,32,0,8.05,clear sky,0.0,0.0,AU,2020-02-23 02:38:50
204,Vostok,46.49,135.88,15.19,88,93,6.89,overcast clouds,0.0,0.0,RU,2020-02-23 02:35:17
205,Juegang,32.32,121.19,57.99,44,0,11.45,clear sky,0.0,0.0,CN,2020-02-23 02:38:51
206,Tautira,-17.73,-149.15,86.0,70,40,12.75,shower rain,0.0,0.0,PF,2020-02-23 02:38:51
207,Viet Tri,21.3,105.43,66.2,88,0,4.7,mist,0.0,0.0,VN,2020-02-23 02:38:51
208,Gillette,44.29,-105.5,35.6,64,1,13.87,clear sky,0.0,0.0,US,2020-02-23 02:29:01
209,Sakakah,29.97,40.21,48.2,40,0,6.64,clear sky,0.0,0.0,SA,2020-02-23 02:38:52
210,Ipixuna,-1.76,-48.8,78.8,88,40,9.17,scattered clouds,0.0,0.0,BR,2020-02-23 02:38:52
211,Mnogovershinnyy,53.94,139.92,10.36,84,0,3.65,clear sky,0.0,0.0,RU,2020-02-23 02:38:52
212,Lasa,46.62,10.7,37.99,64,1,3.11,clear sky,0.0,0.0,IT,2020-02-23 02:38:52
213,Karratha,-20.74,116.85,82.11,68,8,16.55,clear sky,0.0,0.0,AU,2020-02-23 02:37:18
214,College,64.86,-147.8,8.6,71,90,12.75,snow,0.0,0.0,US,2020-02-23 02:37:42
215,Hay River,60.82,-115.8,6.8,77,75,2.24,broken clouds,0.0,0.0,CA,2020-02-23 02:28:59
216,Luanda,-8.84,13.23,77.0,94,75,3.36,broken clouds,0.0,0.0,AO,2020-02-23 02:38:53
217,Zhanakorgan,43.91,67.25,31.37,72,100,4.45,overcast clouds,0.0,0.0,KZ,2020-02-23 02:38:53
218,Srinivaspur,13.33,78.22,75.0,100,40,8.05,mist,0.0,0.0,IN,2020-02-23 02:38:53
219,Balabac,7.99,117.06,82.85,69,34,21.45,light rain,0.13,0.0,PH,2020-02-23 02:38:53
220,Nelson Bay,-32.72,152.15,77.0,47,100,10.29,overcast clouds,0.0,0.0,AU,2020-02-23 02:32:41
221,Revelstoke,50.98,-118.2,33.8,94,1,1.52,clear sky,0.0,0.0,CA,2020-02-23 02:36:42
222,Aksu,41.12,80.26,37.24,42,0,2.59,clear sky,0.0,0.0,CN,2020-02-23 02:29:41
223,Iqaluit,63.75,-68.51,-32.01,59,20,4.7,few clouds,0.0,0.0,CA,2020-02-23 02:33:17
224,Hobyo,5.35,48.53,76.05,69,78,15.03,broken clouds,0.0,0.0,SO,2020-02-23 02:38:54
225,Puerto Del Rosario,28.5,-13.86,69.8,77,22,17.22,few clouds,0.0,0.0,ES,2020-02-23 02:29:12
226,Ginir,7.13,40.7,58.15,50,23,3.85,few clouds,0.0,0.0,ET,2020-02-23 02:38:55
227,Kalaleh,37.38,55.49,50.0,93,90,0.22,overcast clouds,0.0,0.0,IR,2020-02-23 02:38:55
228,Lompoc,34.64,-120.46,59.0,71,90,8.05,overcast clouds,0.0,0.0,US,2020-02-23 02:36:39
229,Shache,38.42,77.24,32.0,56,0,2.75,clear sky,0.0,0.0,CN,2020-02-23 02:34:43
230,Fairbanks,64.84,-147.72,8.6,71,90,12.75,overcast clouds,0.0,0.0,US,2020-02-23 02:35:45
231,Tuatapere,-46.13,167.68,62.01,74,40,17.0,scattered clouds,0.0,0.0,NZ,2020-02-23 02:34:41
232,Coos Bay,43.37,-124.22,48.99,93,1,13.87,clear sky,0.0,0.0,US,2020-02-23 02:38:56
233,Ilmenau,50.68,10.9,48.99,87,75,17.22,light rain,0.0,0.0,DE,2020-02-23 02:38:56
234,Flinders,-34.58,150.86,78.8,57,75,10.29,broken clouds,0.0,0.0,AU,2020-02-23 02:35:59
235,Madang,-5.22,145.8,82.83,75,0,10.22,clear sky,0.0,0.0,PG,2020-02-23 02:38:57
236,Sitio Novo Do Tocantins,-5.52,-47.46,74.17,95,94,1.1,overcast clouds,0.0,0.0,BR,2020-02-23 02:38:57
237,San Lawrenz,36.06,14.2,51.01,66,20,5.82,few clouds,0.0,0.0,MT,2020-02-23 02:38:58
238,Codrington,-38.27,141.97,62.46,74,0,10.89,clear sky,0.0,0.0,AU,2020-02-23 02:34:56
239,Georgetown,5.41,100.34,86.0,62,20,10.29,few clouds,0.0,0.0,MY,2020-02-23 02:31:56
240,Ust-Omchug,61.15,149.63,-7.78,89,100,2.75,overcast clouds,0.0,0.0,RU,2020-02-23 02:38:58
241,Arman,59.7,150.17,2.17,87,100,4.43,light snow,0.0,0.13,RU,2020-02-23 02:38:58
242,Tubmanburg,6.87,-10.82,76.1,95,4,1.07,clear sky,0.0,0.0,LR,2020-02-23 02:38:59
243,Cayenne,4.93,-52.33,80.6,83,90,5.82,overcast clouds,0.0,0.0,GF,2020-02-23 02:35:37
244,Caravelas,-17.71,-39.25,81.16,84,100,15.52,overcast clouds,0.0,0.0,BR,2020-02-23 02:34:53
245,Tura,25.52,90.22,77.29,39,100,4.03,overcast clouds,0.0,0.0,IN,2020-02-23 02:32:18
246,Faanui,-16.48,-151.75,83.26,69,51,8.03,broken clouds,0.0,0.0,PF,2020-02-23 02:34:12
247,Betong,5.77,101.07,80.82,61,36,5.57,scattered clouds,0.0,0.0,TH,2020-02-23 02:39:00
248,Thinadhoo,0.53,72.93,83.28,79,94,16.15,overcast clouds,0.0,0.0,MV,2020-02-23 02:36:47
249,Ostrovnoy,68.05,39.51,30.06,90,100,22.26,light snow,0.0,0.19,RU,2020-02-23 02:37:28
250,Nanga Eboko,4.68,12.37,69.44,99,12,3.09,few clouds,0.0,0.0,CM,2020-02-23 02:39:01
251,Algiers,36.75,3.04,39.2,100,20,2.24,few clouds,0.0,0.0,DZ,2020-02-23 02:36:34
252,Laredo,27.51,-99.51,62.6,59,90,6.93,overcast clouds,0.0,0.0,US,2020-02-23 02:35:48
253,Labuhan,-6.88,112.21,84.27,77,54,8.03,light rain,1.13,0.0,ID,2020-02-23 02:36:52
254,Port Elizabeth,-33.92,25.57,57.2,87,20,6.93,few clouds,0.0,0.0,ZA,2020-02-23 02:30:04
255,Erzin,36.96,36.2,51.8,100,75,4.7,light intensity shower rain,0.0,0.0,TR,2020-02-23 02:39:02
256,Seoul,37.57,126.98,41.0,35,1,3.36,clear sky,0.0,0.0,KR,2020-02-23 02:30:54
257,Yarmouth,41.71,-70.23,39.2,51,1,4.7,clear sky,0.0,0.0,US,2020-02-23 02:31:41
258,Salamanca,40.83,-6.0,42.01,92,10,5.55,clear sky,0.0,0.0,ES,2020-02-23 02:39:02
259,Koutiala,12.39,-5.46,75.42,12,0,8.95,clear sky,0.0,0.0,ML,2020-02-23 02:39:02
260,Contamana,-7.33,-75.02,73.09,98,100,4.14,moderate rain,3.88,0.0,PE,2020-02-23 02:39:03
261,Neuquen,-38.95,-68.06,73.4,28,0,6.93,clear sky,0.0,0.0,AR,2020-02-23 02:35:17
262,Kilindoni,-7.91,39.67,84.25,77,96,13.44,overcast clouds,0.0,0.0,TZ,2020-02-23 02:39:03
263,Jiuquan,39.74,98.52,39.81,15,0,4.25,clear sky,0.0,0.0,CN,2020-02-23 02:39:03
264,Lensk,60.73,114.93,17.47,93,100,6.8,light snow,0.0,0.38,RU,2020-02-23 02:39:04
265,Bom Jesus,-9.07,-44.36,73.35,82,100,1.05,overcast clouds,0.0,0.0,BR,2020-02-23 02:34:46
266,Gigmoto,13.78,124.39,79.92,79,17,16.82,light rain,0.5,0.0,PH,2020-02-23 02:39:04
267,Tuy Hoa,13.08,109.3,75.52,74,37,21.34,light rain,0.44,0.0,VN,2020-02-23 02:39:04
268,San Nicolas,18.17,120.6,84.2,51,20,4.7,few clouds,0.0,0.0,PH,2020-02-23 02:39:05
269,Comodoro Rivadavia,-45.87,-67.5,77.0,33,38,9.17,scattered clouds,0.0,0.0,AR,2020-02-23 02:39:05
270,Cap Malheureux,-19.98,57.61,75.2,100,40,2.24,shower rain,0.0,0.0,MU,2020-02-23 02:33:11
271,Lahij,13.17,44.58,72.0,80,92,11.16,overcast clouds,0.0,0.0,YE,2020-02-23 02:39:05
272,Baiyin,36.56,104.21,45.0,29,4,2.24,clear sky,0.0,0.0,CN,2020-02-23 02:39:06
273,Nanortalik,60.14,-45.24,25.9,83,100,18.19,snow,0.0,1.81,GL,2020-02-23 02:39:06
274,Tiksi,71.69,128.87,-10.32,92,98,5.93,overcast clouds,0.0,0.0,RU,2020-02-23 02:32:49
275,Springdale,36.19,-94.13,48.2,39,1,9.93,clear sky,0.0,0.0,US,2020-02-23 02:39:06
276,Trelew,-43.25,-65.31,75.25,21,0,20.74,clear sky,0.0,0.0,AR,2020-02-23 02:34:20
277,Tiarei,-17.53,-149.33,86.0,70,40,12.75,shower rain,0.0,0.0,PF,2020-02-23 02:33:39
278,Chitungwiza,-18.01,31.08,64.02,95,100,0.92,moderate rain,4.31,0.0,ZW,2020-02-23 02:39:07
279,Baiao,-2.79,-49.67,73.45,97,100,2.24,light rain,0.5,0.0,BR,2020-02-23 02:39:07
280,Praia,14.92,-23.51,69.8,73,100,19.46,overcast clouds,0.0,0.0,CV,2020-02-23 02:35:42
281,Bukama,-9.2,25.85,70.66,95,100,2.89,moderate rain,3.81,0.0,CD,2020-02-23 02:39:08
282,Touros,-5.2,-35.46,78.8,94,40,4.7,scattered clouds,0.0,0.0,BR,2020-02-23 02:32:07
283,Forestville,38.85,-76.88,42.8,41,1,2.84,clear sky,0.0,0.0,US,2020-02-23 02:39:08
284,Elizabeth City,36.29,-76.25,39.99,71,1,6.11,clear sky,0.0,0.0,US,2020-02-23 02:39:08
285,San Onofre,9.74,-75.53,77.07,71,94,12.15,overcast clouds,0.0,0.0,CO,2020-02-23 02:39:08
286,Tsuyama,35.05,134.0,53.01,42,40,6.93,scattered clouds,0.0,0.0,JP,2020-02-23 02:39:09
287,Todos Santos,23.45,-110.22,75.2,49,40,2.24,scattered clouds,0.0,0.0,MX,2020-02-23 02:32:33
288,Uray,60.12,64.78,19.47,93,20,9.55,few clouds,0.0,0.0,RU,2020-02-23 02:39:09
289,La Asuncion,11.03,-63.86,78.8,83,82,13.87,broken clouds,0.0,0.0,VE,2020-02-23 02:29:24
290,Ponta Delgada,37.73,-25.67,57.2,76,75,5.82,broken clouds,0.0,0.0,PT,2020-02-23 02:33:15
291,Ahipara,-35.17,173.17,67.26,67,13,21.94,few clouds,0.0,0.0,NZ,2020-02-23 02:39:10
292,Saint-Augustin,51.23,-58.65,22.41,91,91,20.69,overcast clouds,0.0,0.0,CA,2020-02-23 02:39:10
293,Atakpame,7.53,1.13,73.09,92,0,0.81,clear sky,0.0,0.0,TG,2020-02-23 02:29:44
294,Broken Hill,-31.95,141.43,84.2,32,75,11.41,broken clouds,0.0,0.0,AU,2020-02-23 02:35:41
295,Itarema,-2.92,-39.92,73.72,94,100,2.33,overcast clouds,0.0,0.0,BR,2020-02-23 02:34:45
296,Ayotzintepec,17.67,-96.13,60.55,96,100,1.07,overcast clouds,0.0,0.0,MX,2020-02-23 02:39:11
297,Clyde River,70.47,-68.59,-29.2,66,1,3.36,clear sky,0.0,0.0,CA,2020-02-23 02:34:25
298,Dikson,73.51,80.55,18.16,93,100,22.24,light snow,0.0,0.69,RU,2020-02-23 02:34:34
299,Morondava,-20.28,44.28,72.72,95,47,3.62,scattered clouds,0.0,0.0,MG,2020-02-23 02:39:11
300,Muscat,23.61,58.59,71.6,88,0,6.93,clear sky,0.0,0.0,OM,2020-02-23 02:37:37
301,Ginda,30.69,78.49,49.86,47,0,2.86,clear sky,0.0,0.0,IN,2020-02-23 02:39:12
302,Inhambane,-23.86,35.38,79.0,80,98,3.91,overcast clouds,0.0,0.0,MZ,2020-02-23 02:33:23
303,Sapang Dalaga,8.54,123.56,83.95,55,0,10.29,clear sky,0.0,0.0,PH,2020-02-23 02:39:12
304,Vanimo,-2.67,141.3,82.38,80,32,13.24,scattered clouds,0.0,0.0,PG,2020-02-23 02:33:11
305,Port Blair,11.67,92.75,81.57,77,100,15.39,overcast clouds,0.0,0.0,IN,2020-02-23 02:33:37
306,Saint George,37.1,-113.58,45.0,93,90,12.75,moderate rain,0.0,0.0,US,2020-02-23 02:30:29
307,Lashio,22.93,97.75,79.0,40,41,1.57,scattered clouds,0.0,0.0,MM,2020-02-23 02:39:13
308,Devils Lake,48.11,-98.87,26.6,86,1,4.7,clear sky,0.0,0.0,US,2020-02-23 02:37:25
309,Yangjiang,21.85,111.97,73.0,61,17,9.93,few clouds,0.0,0.0,CN,2020-02-23 02:38:38
310,Stockbridge,33.54,-84.23,44.6,62,1,3.47,clear sky,0.0,0.0,US,2020-02-23 02:39:14
311,Longyearbyen,78.22,15.64,-2.2,77,20,10.29,few clouds,0.0,0.0,SJ,2020-02-23 02:29:35
312,Krasnoselkup,65.7,82.47,4.66,88,44,18.63,scattered clouds,0.0,0.0,RU,2020-02-23 02:32:51
313,Tornio,65.85,24.13,32.0,95,90,4.7,overcast clouds,0.0,0.0,FI,2020-02-23 02:39:14
314,Kuytun,54.34,101.5,13.69,92,2,4.47,clear sky,0.0,0.0,RU,2020-02-23 02:33:39
315,Udachnyy,66.42,112.4,-5.8,83,75,6.71,light snow,0.0,0.0,RU,2020-02-23 02:39:15
316,Iquitos,-3.75,-73.25,73.4,94,40,5.82,scattered clouds,0.0,0.0,PE,2020-02-23 02:39:15
317,Kassala,15.45,36.4,58.37,90,0,8.88,clear sky,0.0,0.0,SD,2020-02-23 02:39:16
318,Atar,20.52,-13.05,72.7,12,100,2.24,overcast clouds,0.0,0.0,MR,2020-02-23 02:39:16
319,Lagos,6.58,3.75,82.4,94,40,5.28,scattered clouds,0.0,0.0,NG,2020-02-23 02:36:44
320,Jonkoping,57.78,14.16,39.2,72,88,24.16,overcast clouds,0.0,0.0,SE,2020-02-23 02:39:16
321,Ayr,55.46,-4.63,37.4,93,100,16.11,light rain,0.0,0.0,GB,2020-02-23 02:39:16
322,Lumberton,34.62,-79.01,39.99,93,1,4.03,clear sky,0.0,0.0,US,2020-02-23 02:39:17
323,Takoradi,4.88,-1.76,78.01,96,72,3.2,broken clouds,0.0,0.0,GH,2020-02-23 02:31:54
324,Chokurdakh,70.63,147.92,-12.05,96,100,1.39,overcast clouds,0.0,0.0,RU,2020-02-23 02:34:44
325,Losevo,50.68,40.05,31.41,96,99,5.26,overcast clouds,0.0,0.0,RU,2020-02-23 02:39:17
326,Jijiga,9.35,42.8,58.19,72,22,5.32,few clouds,0.0,0.0,ET,2020-02-23 02:39:17
327,Okhotsk,59.38,143.3,-2.42,86,21,2.86,few clouds,0.0,0.0,RU,2020-02-23 02:39:18
328,Kendari,-3.94,122.5,85.66,73,75,4.97,light rain,2.19,0.0,ID,2020-02-23 02:35:53
329,Tecoanapa,16.52,-98.75,74.21,81,0,1.39,clear sky,0.0,0.0,MX,2020-02-23 02:39:18
330,Solginskiy,61.05,41.34,31.93,92,100,20.56,light snow,0.0,1.06,RU,2020-02-23 02:39:18
331,Luba,3.46,8.55,82.4,94,20,6.93,few clouds,0.0,0.0,GQ,2020-02-23 02:39:18
332,Vancouver,49.25,-123.12,44.01,87,75,5.82,broken clouds,0.0,0.0,CA,2020-02-23 02:34:43
333,Kavieng,-2.57,150.8,84.52,70,0,9.89,clear sky,0.0,0.0,PG,2020-02-23 02:34:48
334,Geraldton,-28.77,114.6,86.0,51,40,12.75,scattered clouds,0.0,0.0,AU,2020-02-23 02:30:42
335,Les Escoumins,48.11,-69.02,25.16,89,66,11.14,broken clouds,0.0,0.0,CA,2020-02-23 02:39:19
336,Odweyne,9.41,45.06,62.56,70,83,4.05,broken clouds,0.0,0.0,SO,2020-02-23 02:39:19
337,El Alto,-4.27,-81.21,76.1,75,100,2.91,overcast clouds,0.0,0.0,PE,2020-02-23 02:39:19
338,Sambava,-14.27,50.17,74.12,87,99,2.28,overcast clouds,0.0,0.0,MG,2020-02-23 02:39:20
339,Alice Springs,-23.7,133.88,87.8,14,0,13.87,clear sky,0.0,0.0,AU,2020-02-23 02:39:20
340,Khani,41.96,42.96,44.6,100,90,1.12,shower rain,0.0,0.0,GE,2020-02-23 02:39:20
341,Grand Baie,-20.02,57.58,75.2,100,40,2.24,shower rain,0.0,0.0,MU,2020-02-23 02:39:20
342,Deputatskiy,69.3,139.9,-7.67,96,97,1.23,overcast clouds,0.0,0.0,RU,2020-02-23 02:33:08
343,Saint Anthony,45.02,-93.22,37.4,74,1,5.82,clear sky,0.0,0.0,US,2020-02-23 02:29:53
344,Mangai,-4.05,19.53,72.95,97,79,1.36,broken clouds,0.0,0.0,CD,2020-02-23 02:39:21
345,Waipawa,-41.41,175.52,64.4,59,0,16.11,clear sky,0.0,0.0,NZ,2020-02-23 02:28:46
346,Koson,39.04,65.58,41.0,86,100,4.7,overcast clouds,0.0,0.0,UZ,2020-02-23 02:39:21
347,Japura,-0.32,102.35,82.8,73,38,4.52,light rain,0.25,0.0,ID,2020-02-23 02:39:22
348,Oranjemund,-28.55,16.43,61.23,94,10,8.16,clear sky,0.0,0.0,NA,2020-02-23 02:36:05
349,Hospet,15.27,76.4,71.47,72,5,5.39,clear sky,0.0,0.0,IN,2020-02-23 02:39:22
350,Dwarahat,29.78,79.43,49.62,61,72,0.92,light rain,0.19,0.0,IN,2020-02-23 02:39:22
351,Beba,22.44,-79.73,69.8,83,75,8.05,broken clouds,0.0,0.0,CU,2020-02-23 02:39:22
352,Sept-Iles,50.2,-66.38,30.2,74,20,9.17,few clouds,0.0,0.0,CA,2020-02-23 02:29:40
353,Olafsvik,64.89,-23.71,30.76,76,94,7.76,light snow,0.0,1.06,IS,2020-02-23 02:39:23
354,Denpasar,-8.65,115.22,84.51,66,11,6.17,few clouds,0.0,0.0,ID,2020-02-23 02:38:56
355,Sri Aman,1.24,111.46,80.6,88,75,2.24,broken clouds,0.0,0.0,MY,2020-02-23 02:36:55
356,Norman Wells,65.28,-126.83,5.0,84,75,2.24,light snow,0.0,0.0,CA,2020-02-23 02:39:23
357,Ca Mau,9.18,105.15,89.06,40,0,15.64,clear sky,0.0,0.0,VN,2020-02-23 02:36:49
358,Ardesen,41.19,40.99,42.8,100,75,8.05,light intensity drizzle,0.0,0.0,TR,2020-02-23 02:39:24
359,Nantucket,41.28,-70.1,39.2,69,1,12.75,clear sky,0.0,0.0,US,2020-02-23 02:39:24
360,Port Lincoln,-34.73,135.87,82.49,32,1,8.75,clear sky,0.0,0.0,AU,2020-02-23 02:29:49
361,Santa Rosa,14.31,121.11,87.01,55,75,8.05,broken clouds,0.0,0.0,PH,2020-02-23 02:32:32
362,Spencer,43.14,-95.14,39.2,86,1,6.93,clear sky,0.0,0.0,US,2020-02-23 02:39:24
363,Grenada,37.19,-3.61,51.01,49,32,1.01,scattered clouds,0.0,0.0,ES,2020-02-23 02:39:25
364,Ilhabela,-23.78,-45.36,75.15,68,100,9.26,light rain,0.44,0.0,BR,2020-02-23 02:37:31
365,Ribeira Brava,32.65,-17.07,70.0,72,20,20.8,few clouds,0.0,0.0,PT,2020-02-23 02:39:26
366,Lake Saint Louis,38.8,-90.79,46.4,26,1,4.7,clear sky,0.0,0.0,US,2020-02-23 02:36:46
367,Ialibu,-6.28,143.99,74.66,76,76,4.25,light rain,1.81,0.0,PG,2020-02-23 02:39:26
368,Victor Harbor,-35.57,138.62,87.01,44,24,9.17,few clouds,0.0,0.0,AU,2020-02-23 02:39:26
369,The Pas,53.83,-101.25,37.4,59,90,4.7,overcast clouds,0.0,0.0,CA,2020-02-23 02:39:26
370,Chor,25.52,69.77,69.75,43,0,9.46,clear sky,0.0,0.0,PK,2020-02-23 02:39:27
371,Idritsa,56.33,28.9,36.01,80,98,12.3,light snow,0.0,0.13,RU,2020-02-23 02:39:27
372,Lyaskelya,61.77,31.02,32.9,96,100,17.78,snow,0.0,1.56,RU,2020-02-23 02:39:27
373,Bograd,54.23,90.83,19.4,85,100,4.47,overcast clouds,0.0,0.0,RU,2020-02-23 02:39:27
374,Miandrivazo,-19.52,45.47,74.17,89,58,2.21,broken clouds,0.0,0.0,MG,2020-02-23 02:39:28
375,Menongue,-14.66,17.69,62.96,98,100,2.35,light rain,0.69,0.0,AO,2020-02-23 02:39:28
376,Emmett,43.87,-116.5,46.0,44,1,5.82,clear sky,0.0,0.0,US,2020-02-23 02:39:28
377,Broome,42.25,-75.83,30.99,85,1,4.7,clear sky,0.0,0.0,US,2020-02-23 02:34:34
378,Kharan,28.58,65.42,60.53,39,0,1.1,clear sky,0.0,0.0,PK,2020-02-23 02:39:28
379,Rodrigues Alves,-7.74,-72.65,73.51,99,100,1.86,moderate rain,4.56,0.0,BR,2020-02-23 02:39:29
380,Itupiranga,-5.13,-49.33,78.8,94,97,2.51,overcast clouds,0.0,0.0,BR,2020-02-23 02:39:29
381,Andenes,69.31,16.12,35.6,80,100,20.8,light snow,0.0,0.13,NO,2020-02-23 02:39:29
382,Toguchin,55.24,84.39,23.16,96,100,4.23,overcast clouds,0.0,0.0,RU,2020-02-23 02:39:29
383,Watsa,3.04,29.54,70.7,70,92,2.21,overcast clouds,0.0,0.0,CD,2020-02-23 02:39:29
384,Peterhead,57.51,-1.8,39.2,55,22,16.11,few clouds,0.0,0.0,GB,2020-02-23 02:39:30
385,Merauke,-8.47,140.33,89.85,62,70,11.54,light rain,0.31,0.0,ID,2020-02-23 02:33:42
386,Erenhot,43.65,111.98,26.87,69,0,13.18,clear sky,0.0,0.0,CN,2020-02-23 02:39:30
387,Taoudenni,22.68,-3.98,73.22,15,62,13.76,broken clouds,0.0,0.0,ML,2020-02-23 02:39:30
388,Soe,-9.86,124.28,86.52,63,58,4.7,broken clouds,0.0,0.0,ID,2020-02-23 02:33:13
389,Moindou,-21.69,165.68,89.6,55,40,13.87,scattered clouds,0.0,0.0,NC,2020-02-23 02:39:31
390,Chaumont,48.12,5.13,50.0,81,90,9.17,light rain,0.0,0.0,FR,2020-02-23 02:39:31
391,Tosya,41.02,34.04,27.36,86,81,3.11,broken clouds,0.0,0.0,TR,2020-02-23 02:39:31
392,Alagoinhas,-12.14,-38.42,73.6,88,25,5.84,scattered clouds,0.0,0.0,BR,2020-02-23 02:32:04
393,Xichang,27.9,102.26,75.0,22,7,9.1,clear sky,0.0,0.0,CN,2020-02-23 02:39:32
394,Machico,32.7,-16.77,70.0,72,20,20.8,few clouds,0.0,0.0,PT,2020-02-23 02:37:31
395,Vanavara,60.34,102.28,14.25,93,93,4.32,overcast clouds,0.0,0.0,RU,2020-02-23 02:39:32
396,Chabahar,25.29,60.64,67.53,77,0,0.58,clear sky,0.0,0.0,IR,2020-02-23 02:39:32
397,Mombetsu,44.35,143.35,33.8,94,75,4.7,light shower snow,0.0,0.0,JP,2020-02-23 02:39:32
398,Nalut,30.33,10.85,43.7,88,0,9.1,clear sky,0.0,0.0,LY,2020-02-23 02:39:32
399,De-Kastri,51.47,140.78,12.52,81,9,10.63,clear sky,0.0,0.0,RU,2020-02-23 02:39:33
400,Slantsy,59.12,28.09,36.34,85,100,17.67,light snow,0.0,0.38,RU,2020-02-23 02:39:33
401,Bubaque,11.28,-15.83,78.66,69,69,13.2,broken clouds,0.0,0.0,GW,2020-02-23 02:32:24
402,Dzhebariki-Khaya,62.22,135.8,4.73,89,89,0.43,overcast clouds,0.0,0.0,RU,2020-02-23 02:39:33
403,Batticaloa,7.71,81.69,77.86,87,100,6.85,light rain,1.38,0.0,LK,2020-02-23 02:39:34
404,Am Timan,11.03,20.28,69.42,19,0,3.87,clear sky,0.0,0.0,TD,2020-02-23 02:39:34
405,San Patricio,19.22,-104.7,77.0,83,5,9.46,clear sky,0.0,0.0,MX,2020-02-23 02:35:02
406,Christchurch,-43.53,172.63,71.01,45,0,5.82,clear sky,0.0,0.0,NZ,2020-02-23 02:27:59
407,Pacific Grove,36.62,-121.92,55.0,76,90,8.05,overcast clouds,0.0,0.0,US,2020-02-23 02:32:01
408,Hastings,50.86,0.57,51.01,93,100,20.8,light rain,1.13,0.0,GB,2020-02-23 02:39:35
409,Zhangjiakou,40.81,114.88,30.07,22,0,6.55,clear sky,0.0,0.0,CN,2020-02-23 02:36:13
410,Kitimat,54.05,-128.65,33.8,88,75,2.24,shower rain,0.0,0.0,CA,2020-02-23 02:39:35
411,Nyurba,63.28,118.33,0.57,92,94,1.95,overcast clouds,0.0,0.0,RU,2020-02-23 02:33:05
412,Trapani,37.83,12.67,50.0,87,0,3.36,clear sky,0.0,0.0,IT,2020-02-23 02:39:35
413,Kapoeta,4.77,33.59,85.32,43,74,4.45,broken clouds,0.0,0.0,SS,2020-02-23 02:39:36
414,Luziania,-16.25,-47.95,71.6,88,40,2.24,scattered clouds,0.0,0.0,BR,2020-02-23 02:37:29
415,Kloulklubed,7.04,134.26,82.4,83,90,13.87,overcast clouds,0.0,0.0,PW,2020-02-23 02:39:36
416,Goundi,9.36,17.37,72.54,14,42,4.36,scattered clouds,0.0,0.0,TD,2020-02-23 02:39:36
417,San Cristobal,7.77,-72.22,80.6,69,75,3.36,haze,0.0,0.0,VE,2020-02-23 02:33:11
418,Sao Borja,-28.66,-56.0,58.41,60,73,6.22,broken clouds,0.0,0.0,BR,2020-02-23 02:39:37
419,Batie,9.88,-2.92,75.45,15,0,4.38,clear sky,0.0,0.0,BF,2020-02-23 02:39:37
420,Anchorage,61.22,-149.9,23.0,85,90,1.81,mist,0.0,0.0,US,2020-02-23 02:35:32
421,Uthal,25.81,66.62,73.44,30,0,2.86,clear sky,0.0,0.0,PK,2020-02-23 02:39:37
422,San Jose,37.34,-121.89,55.4,71,40,12.75,scattered clouds,0.0,0.0,US,2020-02-23 02:39:37
423,Nuuk,64.18,-51.72,15.8,66,100,17.22,overcast clouds,0.0,0.0,GL,2020-02-23 02:37:44
424,Svetlyy,54.67,20.13,41.0,75,75,24.61,light intensity shower rain,0.0,0.0,RU,2020-02-23 02:39:38
425,Lazarev,52.23,141.51,7.47,87,56,18.54,broken clouds,0.0,0.0,RU,2020-02-23 02:39:38
426,Noumea,-22.28,166.46,89.6,55,40,13.87,scattered clouds,0.0,0.0,NC,2020-02-23 02:39:38
427,Maputo,-25.97,32.59,78.8,83,75,18.34,light rain,0.0,0.0,MZ,2020-02-23 02:39:38
428,Muncar,-8.43,114.33,80.56,78,25,3.94,scattered clouds,0.0,0.0,ID,2020-02-23 02:39:39
429,Sitka,57.05,-135.33,35.6,69,90,12.75,overcast clouds,0.0,0.0,US,2020-02-23 02:39:39
430,Otavi,-19.65,17.33,66.02,83,37,6.67,light rain,0.69,0.0,NA,2020-02-23 02:39:39
431,Mangan,27.52,88.53,51.19,40,0,1.36,clear sky,0.0,0.0,IN,2020-02-23 02:35:09
432,Belaya Gora,68.53,146.42,-10.21,94,87,1.36,overcast clouds,0.0,0.0,RU,2020-02-23 02:39:39
433,Coahuayana,18.73,-103.68,75.2,73,5,3.76,clear sky,0.0,0.0,MX,2020-02-23 02:34:43
434,Bay-Khaak,51.17,94.5,14.56,91,100,1.7,light snow,0.0,0.44,RU,2020-02-23 02:39:40
435,Hovd,48.01,91.64,27.23,54,100,5.77,overcast clouds,0.0,0.0,MN,2020-02-23 02:39:40
436,Urumqi,43.8,87.6,26.6,73,100,2.24,overcast clouds,0.0,0.0,CN,2020-02-23 02:37:05
437,Turhal,40.39,36.08,35.6,80,75,4.7,broken clouds,0.0,0.0,TR,2020-02-23 02:39:40
438,Pampa,35.54,-100.96,60.8,54,75,16.11,broken clouds,0.0,0.0,US,2020-02-23 02:39:41
439,Alofi,-19.06,-169.92,84.2,79,75,12.75,broken clouds,0.0,0.0,NU,2020-02-23 02:35:21
440,Sainte-Maxime,43.3,6.63,50.0,81,30,9.17,scattered clouds,0.0,0.0,FR,2020-02-23 02:39:41
441,Sampit,-2.53,112.95,90.27,53,0,3.47,clear sky,0.0,0.0,ID,2020-02-23 02:39:41
442,Babu,24.42,111.52,68.32,70,24,2.26,few clouds,0.0,0.0,CN,2020-02-23 02:39:41
443,Hami,42.8,93.45,33.55,47,0,3.24,clear sky,0.0,0.0,CN,2020-02-23 02:39:42
444,Shingu,33.73,135.98,51.8,43,40,18.34,scattered clouds,0.0,0.0,JP,2020-02-23 02:39:42
445,Ewo,-0.87,14.82,75.06,85,100,5.19,overcast clouds,0.0,0.0,CG,2020-02-23 02:39:42
446,Bandarbeyla,9.49,50.81,76.69,75,61,17.36,broken clouds,0.0,0.0,SO,2020-02-23 02:37:12
447,Port Macquarie,-31.43,152.92,79.0,53,40,8.05,scattered clouds,0.0,0.0,AU,2020-02-23 02:36:52
448,Pinawa,50.15,-95.88,21.29,94,75,4.03,broken clouds,0.0,0.0,CA,2020-02-23 02:36:38
449,Dwarka,22.24,68.97,74.21,55,0,10.94,clear sky,0.0,0.0,IN,2020-02-23 02:33:18
450,Rockingham,42.97,-71.1,37.4,47,20,4.7,few clouds,0.0,0.0,US,2020-02-23 02:39:43
451,George Town,5.41,100.34,86.0,62,20,10.29,few clouds,0.0,0.0,MY,2020-02-23 02:36:21
452,Camacha,33.08,-16.33,64.4,82,40,24.16,scattered clouds,0.0,0.0,PT,2020-02-23 02:39:44
453,Balkanabat,39.51,54.37,43.52,75,100,1.28,overcast clouds,0.0,0.0,TM,2020-02-23 02:39:44
454,Brigantine,39.41,-74.36,41.0,40,1,4.7,clear sky,0.0,0.0,US,2020-02-23 02:39:44
455,Kaeo,-35.1,173.78,69.4,60,80,8.37,broken clouds,0.0,0.0,NZ,2020-02-23 02:39:44
456,Ouesso,1.61,16.05,73.06,88,95,3.2,overcast clouds,0.0,0.0,CG,2020-02-23 02:39:44
457,Ekibastuz,51.67,75.37,16.63,95,100,8.39,light snow,0.0,0.13,KZ,2020-02-23 02:35:07
458,Berlevag,70.86,29.09,34.02,79,0,26.31,clear sky,0.0,0.0,NO,2020-02-23 02:37:17
459,Acarau,-2.89,-40.12,73.72,94,100,2.33,overcast clouds,0.0,0.0,BR,2020-02-23 02:39:45
460,Castelbuono,37.93,14.09,52.0,73,0,4.65,clear sky,0.0,0.0,IT,2020-02-23 02:39:45
461,Ugoofaaru,5.67,73.0,83.1,78,99,19.64,overcast clouds,0.0,0.0,MV,2020-02-23 02:39:46
462,Abha,18.22,42.51,57.2,58,17,9.17,few clouds,0.0,0.0,SA,2020-02-23 02:39:46
463,Aketi,2.74,23.78,74.71,52,88,1.88,overcast clouds,0.0,0.0,CD,2020-02-23 02:39:46
464,Yendi,9.44,-0.01,78.49,19,0,3.87,clear sky,0.0,0.0,GH,2020-02-23 02:39:46
465,Cidreira,-30.18,-50.21,70.12,64,3,6.67,light rain,0.13,0.0,BR,2020-02-23 02:34:11
466,Lufilufi,-13.87,-171.6,78.8,94,90,28.86,heavy intensity shower rain,0.0,0.0,WS,2020-02-23 02:39:47
467,Mitchell,43.71,-98.03,35.6,69,1,3.36,clear sky,0.0,0.0,US,2020-02-23 02:37:46
468,Tabou,4.42,-7.35,77.67,96,51,3.18,broken clouds,0.0,0.0,CI,2020-02-23 02:39:47
469,Morehead,37.27,-87.18,39.0,47,1,3.36,clear sky,0.0,0.0,US,2020-02-23 02:34:59
470,Kautokeino,69.01,23.04,13.77,84,11,6.11,few clouds,0.0,0.0,NO,2020-02-23 02:39:47
471,Komsomolskiy,40.43,71.72,42.8,86,63,6.93,mist,0.0,0.0,UZ,2020-02-23 02:33:10
472,Ahuimanu,21.44,-157.84,80.6,61,40,8.05,scattered clouds,0.0,0.0,US,2020-02-23 02:39:48
473,Moranbah,-22.0,148.05,75.65,82,100,18.41,light rain,0.75,0.0,AU,2020-02-23 02:39:48
474,Verkhnyaya Inta,65.98,60.31,29.86,87,100,16.51,overcast clouds,0.0,0.0,RU,2020-02-23 02:39:48
475,Cortez,37.35,-108.59,42.8,81,90,9.17,light rain,0.0,0.0,US,2020-02-23 02:39:48
476,Ust-Kulom,61.69,53.69,28.56,89,100,13.65,overcast clouds,0.0,0.0,RU,2020-02-23 02:39:48
477,Praia Da Vitoria,38.73,-27.07,55.4,82,40,8.03,scattered clouds,0.0,0.0,PT,2020-02-23 02:31:49
478,Dutlwe,-23.98,23.9,70.12,76,24,7.7,few clouds,0.0,0.0,BW,2020-02-23 02:33:34
479,Veraval,20.9,70.37,76.03,27,0,15.97,clear sky,0.0,0.0,IN,2020-02-23 02:39:49
480,Hofn,64.25,-15.21,30.97,94,100,3.62,light snow,0.0,0.56,IS,2020-02-23 02:33:20
481,Dillon,34.42,-79.37,39.2,93,1,3.91,clear sky,0.0,0.0,US,2020-02-23 02:39:49
482,Nishihara,26.18,127.76,68.0,52,20,13.87,few clouds,0.0,0.0,JP,2020-02-23 02:34:07
483,Hambantota,6.12,81.12,75.2,100,75,9.17,broken clouds,0.0,0.0,LK,2020-02-23 02:33:12
484,Scharnstein,47.9,13.96,50.0,66,75,21.92,broken clouds,0.0,0.0,AT,2020-02-23 02:39:50
485,Cartagena,10.4,-75.51,78.8,78,40,11.41,scattered clouds,0.0,0.0,CO,2020-02-23 02:36:42
486,Korla,41.76,86.15,46.99,50,61,4.0,broken clouds,0.0,0.0,CN,2020-02-23 02:37:25
487,Eskil,38.4,33.41,36.86,88,87,7.14,overcast clouds,0.0,0.0,TR,2020-02-23 02:39:51
488,Malakal,9.53,31.66,72.54,14,2,5.59,clear sky,0.0,0.0,SS,2020-02-23 02:39:51
489,Yar-Sale,66.83,70.83,21.52,92,73,16.93,broken clouds,0.0,0.0,RU,2020-02-23 02:39:52
490,Rio Grande,-32.03,-52.1,61.0,90,8,10.85,clear sky,0.0,0.0,BR,2020-02-23 02:36:48
491,Bengkulu,-3.8,102.27,87.21,55,0,2.89,clear sky,0.0,0.0,ID,2020-02-23 02:34:41
492,Ancud,-41.87,-73.82,57.2,71,0,5.82,clear sky,0.0,0.0,CL,2020-02-23 02:33:09
493,Antofagasta,-23.65,-70.4,68.0,77,67,8.05,broken clouds,0.0,0.0,CL,2020-02-23 02:32:10
494,Luganville,-15.53,167.17,86.0,70,75,10.29,broken clouds,0.0,0.0,VU,2020-02-23 02:33:17
495,Iwanai,42.97,140.51,28.26,97,100,21.63,snow,0.0,6.25,JP,2020-02-23 02:39:53
496,Farmington,36.73,-108.22,44.6,93,90,12.75,moderate rain,0.0,0.0,US,2020-02-23 02:29:01
497,Koslan,63.46,48.9,30.58,87,100,17.85,light snow,0.0,0.25,RU,2020-02-23 02:39:53
498,Elk City,35.41,-99.4,53.6,54,90,10.29,overcast clouds,0.0,0.0,US,2020-02-23 02:36:02
499,Strezhevoy,60.73,77.59,-0.4,84,0,4.47,clear sky,0.0,0.0,RU,2020-02-23 02:36:53
500,La Ronge,55.1,-105.28,33.8,74,75,8.05,broken clouds,0.0,0.0,CA,2020-02-23 02:32:17
501,Chaman,30.92,66.45,52.74,47,0,5.26,clear sky,0.0,0.0,PK,2020-02-23 02:39:54
502,Ulladulla,-35.35,150.47,78.8,57,75,10.29,broken clouds,0.0,0.0,AU,2020-02-23 02:32:05
503,Murgab,37.5,61.97,44.6,81,75,11.41,broken clouds,0.0,0.0,TM,2020-02-23 02:39:55
504,Jinchang,38.5,102.17,46.44,12,0,2.26,clear sky,0.0,0.0,CN,2020-02-23 02:39:55
505,Southern Pines,35.17,-79.39,39.99,74,1,3.36,clear sky,0.0,0.0,US,2020-02-23 02:39:55
506,Taldan,53.67,124.8,10.09,89,100,3.33,overcast clouds,0.0,0.0,RU,2020-02-23 02:39:55
507,Soyo,-6.13,12.37,81.03,90,100,7.52,light rain,0.25,0.0,AO,2020-02-23 02:39:55
508,Leh,34.17,77.58,-2.78,55,0,2.57,clear sky,0.0,0.0,IN,2020-02-23 02:34:53
509,Acapulco,16.86,-99.89,80.6,88,5,8.05,clear sky,0.0,0.0,MX,2020-02-23 02:29:34
510,Kudat,6.88,116.85,82.4,78,75,10.29,broken clouds,0.0,0.0,MY,2020-02-23 02:39:56
511,Nichinan,31.6,131.37,57.2,26,0,8.05,clear sky,0.0,0.0,JP,2020-02-23 02:39:56
512,Coquimbo,-29.95,-71.34,60.8,82,1,4.7,clear sky,0.0,0.0,CL,2020-02-23 02:39:57
513,Cubuk,40.24,33.03,35.6,93,75,8.05,broken clouds,0.0,0.0,TR,2020-02-23 02:39:57
514,Chopda,21.25,75.3,75.97,25,0,8.63,clear sky,0.0,0.0,IN,2020-02-23 02:39:57
515,Modica,36.85,14.77,41.0,86,70,3.36,broken clouds,0.0,0.0,IT,2020-02-23 02:39:57
516,Sistranda,63.73,8.83,39.2,86,75,20.8,light intensity shower rain,0.0,0.0,NO,2020-02-23 02:39:58
517,Davenda,53.56,119.32,16.25,81,98,0.78,overcast clouds,0.0,0.0,RU,2020-02-23 02:39:58
518,Healesville,-37.65,145.52,90.0,42,0,17.22,clear sky,0.0,0.0,AU,2020-02-23 02:39:58
519,Wahpeton,46.27,-96.61,30.2,79,0,3.36,clear sky,0.0,0.0,US,2020-02-23 02:37:22
520,Jalu,29.03,21.55,51.44,72,0,11.43,clear sky,0.0,0.0,LY,2020-02-23 02:39:58
521,Westport,41.14,-73.36,43.0,37,1,5.32,clear sky,0.0,0.0,US,2020-02-23 02:39:46
522,Boende,-0.22,20.87,72.27,73,67,3.02,broken clouds,0.0,0.0,CD,2020-02-23 02:39:59
523,Richards Bay,-28.78,32.04,79.32,73,100,32.1,light rain,1.25,0.0,ZA,2020-02-23 02:31:56
524,Anloga,5.79,0.9,84.2,83,20,9.17,few clouds,0.0,0.0,GH,2020-02-23 02:33:45
525,Bundaberg,-24.85,152.35,78.8,69,90,20.8,moderate rain,0.0,0.0,AU,2020-02-23 02:39:59
526,Aykhal,66.0,111.5,-5.8,83,75,6.71,light snow,0.0,0.0,RU,2020-02-23 02:32:02
527,Bhandaria,22.49,90.06,77.4,36,0,4.07,clear sky,0.0,0.0,BD,2020-02-23 02:40:00
528,Parabel,58.7,81.48,0.57,95,0,3.49,clear sky,0.0,0.0,RU,2020-02-23 02:40:00
529,Emerald,-23.53,148.17,82.4,65,90,18.34,overcast clouds,0.0,0.0,AU,2020-02-23 02:40:00
530,Walsrode,52.87,9.6,48.0,75,100,12.75,overcast clouds,0.0,0.0,DE,2020-02-23 02:40:00
531,Merritt,50.11,-120.79,35.6,93,20,2.24,few clouds,0.0,0.0,CA,2020-02-23 02:40:00
532,Isangel,-19.55,169.27,84.2,79,20,16.04,few clouds,0.0,0.0,VU,2020-02-23 02:35:05
533,Paracuru,-3.41,-39.03,78.8,94,75,4.7,light rain,0.0,0.0,BR,2020-02-23 02:40:01
534,Goderich,43.75,-81.72,37.0,79,0,11.99,clear sky,0.0,0.0,CA,2020-02-23 02:36:22
535,Entre Rios,-11.94,-38.08,73.85,91,26,3.11,scattered clouds,0.0,0.0,BR,2020-02-23 02:40:01
536,Satun,6.83,100.0,86.0,70,40,14.99,scattered clouds,0.0,0.0,TH,2020-02-23 02:40:02
537,Vabalninkas,55.97,24.75,36.9,78,59,18.81,light snow,0.0,0.19,LT,2020-02-23 02:40:02
538,Banganapalle,15.32,78.23,71.92,72,1,10.71,clear sky,0.0,0.0,IN,2020-02-23 02:40:02
539,Poum,-20.23,164.02,80.56,78,31,15.64,scattered clouds,0.0,0.0,NC,2020-02-23 02:39:55
540,Urucara,-2.54,-57.76,74.95,98,100,2.15,overcast clouds,0.0,0.0,BR,2020-02-23 02:40:03
541,Kropotkin,45.44,40.58,40.35,93,100,8.43,light rain,0.13,0.0,RU,2020-02-23 02:36:28
542,Rancho Palos Verdes,33.74,-118.39,60.8,82,75,6.93,light rain,0.0,0.0,US,2020-02-23 02:40:03
543,Faya,18.39,42.45,57.2,58,18,9.17,few clouds,0.0,0.0,SA,2020-02-23 02:40:03
544,Inuvik,68.35,-133.72,-0.4,77,90,3.36,light snow,0.0,0.0,CA,2020-02-23 02:37:18
545,Nemuro,43.32,145.57,35.6,74,75,12.75,broken clouds,0.0,0.0,JP,2020-02-23 02:35:54
546,Xuanwu,32.07,118.81,60.01,46,2,11.18,clear sky,0.0,0.0,CN,2020-02-23 02:40:04
547,Zhezkazgan,47.8,67.71,17.6,92,90,6.71,mist,0.0,0.0,KZ,2020-02-23 02:40:04
548,Sioux Lookout,50.1,-91.92,30.2,85,20,2.3,few clouds,0.0,0.0,CA,2020-02-23 02:32:52
549,Lovozero,68.0,35.01,27.72,95,100,7.36,light snow,0.0,0.88,RU,2020-02-23 02:40:04
550,Basco,20.45,121.97,74.01,76,1,26.89,clear sky,0.0,0.0,PH,2020-02-23 02:40:05
551,Anadyr,64.75,177.48,-14.01,68,40,6.71,scattered clouds,0.0,0.0,RU,2020-02-23 02:33:15
552,Marystown,47.17,-55.15,28.96,90,95,24.16,light snow,0.0,0.25,CA,2020-02-23 02:38:08
553,Saraland,30.82,-88.07,46.99,65,1,3.15,clear sky,0.0,0.0,US,2020-02-23 02:40:05
554,Kangavar,34.5,47.97,39.92,83,90,1.77,overcast clouds,0.0,0.0,IR,2020-02-23 02:40:06
555,Piripiri,-4.27,-41.78,72.55,99,100,3.58,light rain,1.38,0.0,BR,2020-02-23 02:40:06
556,Mehamn,71.04,27.85,25.92,86,0,11.97,clear sky,0.0,0.0,NO,2020-02-23 02:40:06
557,Prince Rupert,54.32,-130.32,41.0,73,90,9.17,overcast clouds,0.0,0.0,CA,2020-02-23 02:36:13
558,Mookane,-23.69,26.66,72.57,77,53,3.94,broken clouds,0.0,0.0,BW,2020-02-23 02:40:07
